,id,label
0,../../ava/subset/1000.jpg,0.0
1,../../ava/subset/10000.jpg,0.0
2,../../ava/subset/10002.jpg,0.0
3,../../ava/subset/100050.jpg,0.0
4,../../ava/subset/10006.jpg,0.0
5,../../ava/subset/10007.jpg,0.0
6,../../ava/subset/10009.jpg,0.0
7,../../ava/subset/10010.jpg,0.0
8,../../ava/subset/10011.jpg,0.0
9,../../ava/subset/10014.jpg,0.0
10,../../ava/subset/100152.jpg,0.0
11,../../ava/subset/10016.jpg,0.0
12,../../ava/subset/10019.jpg,0.0
13,../../ava/subset/100194.jpg,0.0
14,../../ava/subset/100196.jpg,0.0
15,../../ava/subset/1004.jpg,0.0
16,../../ava/subset/1005.jpg,0.0
17,../../ava/subset/1006.jpg,0.0
18,../../ava/subset/1008.jpg,0.0
19,../../ava/subset/101.jpg,0.0
20,../../ava/subset/1010.jpg,0.0
21,../../ava/subset/1013.jpg,0.0
22,../../ava/subset/1016.jpg,0.0
23,../../ava/subset/1017.jpg,0.0
24,../../ava/subset/1023.jpg,0.0
25,../../ava/subset/1024.jpg,0.0
26,../../ava/subset/1025.jpg,0.0
27,../../ava/subset/1030.jpg,0.0
28,../../ava/subset/1031.jpg,0.0
29,../../ava/subset/1033.jpg,0.0
30,../../ava/subset/1034.jpg,0.0
31,../../ava/subset/1035.jpg,0.0
32,../../ava/subset/1036.jpg,0.0
33,../../ava/subset/1037.jpg,0.0
34,../../ava/subset/1038.jpg,0.0
35,../../ava/subset/1039.jpg,0.0
36,../../ava/subset/1042.jpg,0.0
37,../../ava/subset/1046.jpg,0.0
38,../../ava/subset/1047.jpg,0.0
39,../../ava/subset/1048.jpg,0.0
40,../../ava/subset/1051.jpg,0.0
41,../../ava/subset/1052.jpg,0.0
42,../../ava/subset/1054.jpg,0.0
43,../../ava/subset/1055.jpg,0.0
44,../../ava/subset/1057.jpg,0.0
45,../../ava/subset/106.jpg,0.0
46,../../ava/subset/107.jpg,0.0
47,../../ava/subset/108.jpg,0.0
48,../../ava/subset/109.jpg,0.0
49,../../ava/subset/1097.jpg,0.0
50,../../ava/subset/1098.jpg,0.0
51,../../ava/subset/1100.jpg,0.0
52,../../ava/subset/1104.jpg,0.0
53,../../ava/subset/1105.jpg,0.0
54,../../ava/subset/1106.jpg,0.0
55,../../ava/subset/1107.jpg,0.0
56,../../ava/subset/1108.jpg,0.0
57,../../ava/subset/1109.jpg,0.0
58,../../ava/subset/1111.jpg,0.0
59,../../ava/subset/1112.jpg,0.0
60,../../ava/subset/1113.jpg,0.0
61,../../ava/subset/1115.jpg,0.0
62,../../ava/subset/1116.jpg,0.0
63,../../ava/subset/1117.jpg,0.0
64,../../ava/subset/1118.jpg,0.0
65,../../ava/subset/1119.jpg,0.0
66,../../ava/subset/1120.jpg,0.0
67,../../ava/subset/1121.jpg,0.0
68,../../ava/subset/1122.jpg,0.0
69,../../ava/subset/1123.jpg,0.0
70,../../ava/subset/1124.jpg,0.0
71,../../ava/subset/1125.jpg,0.0
72,../../ava/subset/1126.jpg,0.0
73,../../ava/subset/1127.jpg,0.0
74,../../ava/subset/1129.jpg,0.0
75,../../ava/subset/1130.jpg,0.0
76,../../ava/subset/1131.jpg,0.0
77,../../ava/subset/1132.jpg,0.0
78,../../ava/subset/1133.jpg,0.0
79,../../ava/subset/1134.jpg,0.0
80,../../ava/subset/1135.jpg,0.0
81,../../ava/subset/1136.jpg,0.0
82,../../ava/subset/1138.jpg,0.0
83,../../ava/subset/1139.jpg,0.0
84,../../ava/subset/1140.jpg,0.0
85,../../ava/subset/1141.jpg,0.0
86,../../ava/subset/1142.jpg,0.0
87,../../ava/subset/1143.jpg,0.0
88,../../ava/subset/1144.jpg,0.0
89,../../ava/subset/1145.jpg,0.0
90,../../ava/subset/1146.jpg,0.0
91,../../ava/subset/1147.jpg,0.0
92,../../ava/subset/1149.jpg,0.0
93,../../ava/subset/1151.jpg,0.0
94,../../ava/subset/1152.jpg,0.0
95,../../ava/subset/1154.jpg,0.0
96,../../ava/subset/1155.jpg,0.0
97,../../ava/subset/1157.jpg,0.0
98,../../ava/subset/1158.jpg,0.0
99,../../ava/subset/1159.jpg,0.0
100,../../ava/subset/1160.jpg,0.0
101,../../ava/subset/1161.jpg,0.0
102,../../ava/subset/1162.jpg,0.0
103,../../ava/subset/1164.jpg,0.0
104,../../ava/subset/1165.jpg,0.0
105,../../ava/subset/1166.jpg,0.0
106,../../ava/subset/1167.jpg,0.0
107,../../ava/subset/1168.jpg,0.0
108,../../ava/subset/1169.jpg,0.0
109,../../ava/subset/1171.jpg,0.0
110,../../ava/subset/1172.jpg,0.0
111,../../ava/subset/1175.jpg,0.0
112,../../ava/subset/1176.jpg,0.0
113,../../ava/subset/1177.jpg,0.0
114,../../ava/subset/1178.jpg,0.0
115,../../ava/subset/118.jpg,0.0
116,../../ava/subset/1184.jpg,0.0
117,../../ava/subset/1185.jpg,0.0
118,../../ava/subset/1187.jpg,0.0
119,../../ava/subset/1189.jpg,0.0
120,../../ava/subset/1194.jpg,0.0
121,../../ava/subset/1195.jpg,0.0
122,../../ava/subset/1197.jpg,0.0
123,../../ava/subset/1198.jpg,0.0
124,../../ava/subset/1199.jpg,0.0
125,../../ava/subset/1200.jpg,0.0
126,../../ava/subset/1203.jpg,0.0
127,../../ava/subset/1204.jpg,0.0
128,../../ava/subset/1205.jpg,0.0
129,../../ava/subset/1206.jpg,0.0
130,../../ava/subset/1209.jpg,0.0
131,../../ava/subset/1210.jpg,0.0
132,../../ava/subset/1212.jpg,0.0
133,../../ava/subset/1213.jpg,0.0
134,../../ava/subset/1214.jpg,0.0
135,../../ava/subset/1218.jpg,0.0
136,../../ava/subset/1219.jpg,0.0
137,../../ava/subset/122.jpg,0.0
138,../../ava/subset/1220.jpg,0.0
139,../../ava/subset/1224.jpg,0.0
140,../../ava/subset/1229.jpg,0.0
141,../../ava/subset/123.jpg,0.0
142,../../ava/subset/1234.jpg,0.0
143,../../ava/subset/1235.jpg,0.0
144,../../ava/subset/1237.jpg,0.0
145,../../ava/subset/1238.jpg,0.0
146,../../ava/subset/1239.jpg,0.0
147,../../ava/subset/124.jpg,0.0
148,../../ava/subset/1244.jpg,0.0
149,../../ava/subset/1249.jpg,0.0
150,../../ava/subset/125.jpg,0.0
151,../../ava/subset/1253.jpg,0.0
152,../../ava/subset/1254.jpg,0.0
153,../../ava/subset/1256.jpg,0.0
154,../../ava/subset/1257.jpg,0.0
155,../../ava/subset/126.jpg,0.0
156,../../ava/subset/1260.jpg,0.0
157,../../ava/subset/1263.jpg,0.0
158,../../ava/subset/1265.jpg,0.0
159,../../ava/subset/1267.jpg,0.0
160,../../ava/subset/1268.jpg,0.0
161,../../ava/subset/1269.jpg,0.0
162,../../ava/subset/1270.jpg,0.0
163,../../ava/subset/1272.jpg,0.0
164,../../ava/subset/1273.jpg,0.0
165,../../ava/subset/1274.jpg,0.0
166,../../ava/subset/1279.jpg,0.0
167,../../ava/subset/128.jpg,0.0
168,../../ava/subset/1280.jpg,0.0
169,../../ava/subset/1281.jpg,0.0
170,../../ava/subset/1282.jpg,0.0
171,../../ava/subset/1285.jpg,0.0
172,../../ava/subset/1287.jpg,0.0
173,../../ava/subset/1288.jpg,0.0
174,../../ava/subset/1289.jpg,0.0
175,../../ava/subset/1293.jpg,0.0
176,../../ava/subset/1294.jpg,0.0
177,../../ava/subset/1295.jpg,0.0
178,../../ava/subset/1297.jpg,0.0
179,../../ava/subset/1298.jpg,0.0
180,../../ava/subset/1299.jpg,0.0
181,../../ava/subset/130.jpg,0.0
182,../../ava/subset/1300.jpg,0.0
183,../../ava/subset/1302.jpg,0.0
184,../../ava/subset/1304.jpg,0.0
185,../../ava/subset/1305.jpg,0.0
186,../../ava/subset/1306.jpg,0.0
187,../../ava/subset/1307.jpg,0.0
188,../../ava/subset/1308.jpg,0.0
189,../../ava/subset/131.jpg,0.0
190,../../ava/subset/1310.jpg,0.0
191,../../ava/subset/1311.jpg,0.0
192,../../ava/subset/1313.jpg,0.0
193,../../ava/subset/1314.jpg,0.0
194,../../ava/subset/1315.jpg,0.0
195,../../ava/subset/1316.jpg,0.0
196,../../ava/subset/1317.jpg,0.0
197,../../ava/subset/132.jpg,0.0
198,../../ava/subset/1321.jpg,0.0
199,../../ava/subset/1322.jpg,0.0
200,../../ava/subset/1324.jpg,0.0
201,../../ava/subset/1326.jpg,0.0
202,../../ava/subset/1327.jpg,0.0
203,../../ava/subset/1328.jpg,0.0
204,../../ava/subset/1329.jpg,0.0
205,../../ava/subset/133.jpg,0.0
206,../../ava/subset/1330.jpg,0.0
207,../../ava/subset/1331.jpg,0.0
208,../../ava/subset/1332.jpg,0.0
209,../../ava/subset/1333.jpg,0.0
210,../../ava/subset/1334.jpg,0.0
211,../../ava/subset/1335.jpg,0.0
212,../../ava/subset/1336.jpg,0.0
213,../../ava/subset/1339.jpg,0.0
214,../../ava/subset/134.jpg,0.0
215,../../ava/subset/1340.jpg,0.0
216,../../ava/subset/1341.jpg,0.0
217,../../ava/subset/1346.jpg,0.0
218,../../ava/subset/1347.jpg,0.0
219,../../ava/subset/1348.jpg,0.0
220,../../ava/subset/1350.jpg,0.0
221,../../ava/subset/1351.jpg,0.0
222,../../ava/subset/1353.jpg,0.0
223,../../ava/subset/1354.jpg,0.0
224,../../ava/subset/1356.jpg,0.0
225,../../ava/subset/1357.jpg,0.0
226,../../ava/subset/1359.jpg,0.0
227,../../ava/subset/1361.jpg,0.0
228,../../ava/subset/1363.jpg,0.0
229,../../ava/subset/1364.jpg,0.0
230,../../ava/subset/1367.jpg,0.0
231,../../ava/subset/1368.jpg,0.0
232,../../ava/subset/137.jpg,0.0
233,../../ava/subset/1377.jpg,0.0
234,../../ava/subset/1378.jpg,0.0
235,../../ava/subset/1380.jpg,0.0
236,../../ava/subset/1384.jpg,0.0
237,../../ava/subset/1385.jpg,0.0
238,../../ava/subset/1389.jpg,0.0
239,../../ava/subset/1391.jpg,0.0
240,../../ava/subset/1393.jpg,0.0
241,../../ava/subset/1394.jpg,0.0
242,../../ava/subset/1396.jpg,0.0
243,../../ava/subset/1399.jpg,0.0
244,../../ava/subset/140.jpg,0.0
245,../../ava/subset/1400.jpg,0.0
246,../../ava/subset/1401.jpg,0.0
247,../../ava/subset/1402.jpg,0.0
248,../../ava/subset/1403.jpg,0.0
249,../../ava/subset/1404.jpg,0.0
250,../../ava/subset/1406.jpg,0.0
251,../../ava/subset/1407.jpg,0.0
252,../../ava/subset/1408.jpg,0.0
253,../../ava/subset/1409.jpg,0.0
254,../../ava/subset/1410.jpg,0.0
255,../../ava/subset/1411.jpg,0.0
256,../../ava/subset/1415.jpg,0.0
257,../../ava/subset/1417.jpg,0.0
258,../../ava/subset/1419.jpg,0.0
259,../../ava/subset/142.jpg,0.0
260,../../ava/subset/1420.jpg,0.0
261,../../ava/subset/1421.jpg,0.0
262,../../ava/subset/1422.jpg,0.0
263,../../ava/subset/1424.jpg,0.0
264,../../ava/subset/1426.jpg,0.0
265,../../ava/subset/1427.jpg,0.0
266,../../ava/subset/1428.jpg,0.0
267,../../ava/subset/1433.jpg,0.0
268,../../ava/subset/1434.jpg,0.0
269,../../ava/subset/1435.jpg,0.0
270,../../ava/subset/1439.jpg,0.0
271,../../ava/subset/1440.jpg,0.0
272,../../ava/subset/1441.jpg,0.0
273,../../ava/subset/1442.jpg,0.0
274,../../ava/subset/1443.jpg,0.0
275,../../ava/subset/1445.jpg,0.0
276,../../ava/subset/1449.jpg,0.0
277,../../ava/subset/1452.jpg,0.0
278,../../ava/subset/1455.jpg,0.0
279,../../ava/subset/1456.jpg,0.0
280,../../ava/subset/1459.jpg,0.0
281,../../ava/subset/146.jpg,0.0
282,../../ava/subset/1461.jpg,0.0
283,../../ava/subset/1462.jpg,0.0
284,../../ava/subset/1463.jpg,0.0
285,../../ava/subset/1464.jpg,0.0
286,../../ava/subset/1465.jpg,0.0
287,../../ava/subset/1466.jpg,0.0
288,../../ava/subset/1467.jpg,0.0
289,../../ava/subset/1468.jpg,0.0
290,../../ava/subset/1469.jpg,0.0
291,../../ava/subset/147.jpg,0.0
292,../../ava/subset/1472.jpg,0.0
293,../../ava/subset/1473.jpg,0.0
294,../../ava/subset/1474.jpg,0.0
295,../../ava/subset/1475.jpg,0.0
296,../../ava/subset/1479.jpg,0.0
297,../../ava/subset/1480.jpg,0.0
298,../../ava/subset/1486.jpg,0.0
299,../../ava/subset/1487.jpg,0.0
300,../../ava/subset/1488.jpg,0.0
301,../../ava/subset/149.jpg,0.0
302,../../ava/subset/1491.jpg,0.0
303,../../ava/subset/1493.jpg,0.0
304,../../ava/subset/1494.jpg,0.0
305,../../ava/subset/1497.jpg,0.0
306,../../ava/subset/1498.jpg,0.0
307,../../ava/subset/1499.jpg,0.0
308,../../ava/subset/150.jpg,0.0
309,../../ava/subset/1501.jpg,0.0
310,../../ava/subset/1502.jpg,0.0
311,../../ava/subset/1503.jpg,0.0
312,../../ava/subset/1504.jpg,0.0
313,../../ava/subset/1509.jpg,0.0
314,../../ava/subset/1510.jpg,0.0
315,../../ava/subset/1512.jpg,0.0
316,../../ava/subset/1515.jpg,0.0
317,../../ava/subset/1517.jpg,0.0
318,../../ava/subset/1518.jpg,0.0
319,../../ava/subset/1520.jpg,0.0
320,../../ava/subset/1522.jpg,0.0
321,../../ava/subset/1524.jpg,0.0
322,../../ava/subset/1525.jpg,0.0
323,../../ava/subset/1526.jpg,0.0
324,../../ava/subset/1527.jpg,0.0
325,../../ava/subset/153.jpg,0.0
326,../../ava/subset/1532.jpg,0.0
327,../../ava/subset/1534.jpg,0.0
328,../../ava/subset/1535.jpg,0.0
329,../../ava/subset/1537.jpg,0.0
330,../../ava/subset/154.jpg,0.0
331,../../ava/subset/1541.jpg,0.0
332,../../ava/subset/1544.jpg,0.0
333,../../ava/subset/1545.jpg,0.0
334,../../ava/subset/1547.jpg,0.0
335,../../ava/subset/1548.jpg,0.0
336,../../ava/subset/1549.jpg,0.0
337,../../ava/subset/155.jpg,0.0
338,../../ava/subset/1551.jpg,0.0
339,../../ava/subset/1553.jpg,0.0
340,../../ava/subset/1554.jpg,0.0
341,../../ava/subset/1555.jpg,0.0
342,../../ava/subset/1557.jpg,0.0
343,../../ava/subset/1558.jpg,0.0
344,../../ava/subset/1559.jpg,0.0
345,../../ava/subset/1560.jpg,0.0
346,../../ava/subset/1561.jpg,0.0
347,../../ava/subset/1566.jpg,0.0
348,../../ava/subset/1569.jpg,0.0
349,../../ava/subset/1570.jpg,0.0
350,../../ava/subset/1571.jpg,0.0
351,../../ava/subset/1572.jpg,0.0
352,../../ava/subset/1574.jpg,0.0
353,../../ava/subset/1579.jpg,0.0
354,../../ava/subset/158.jpg,0.0
355,../../ava/subset/1583.jpg,0.0
356,../../ava/subset/1584.jpg,0.0
357,../../ava/subset/1585.jpg,0.0
358,../../ava/subset/1586.jpg,0.0
359,../../ava/subset/1587.jpg,0.0
360,../../ava/subset/1590.jpg,0.0
361,../../ava/subset/1591.jpg,0.0
362,../../ava/subset/1593.jpg,0.0
363,../../ava/subset/1594.jpg,0.0
364,../../ava/subset/1595.jpg,0.0
365,../../ava/subset/1596.jpg,0.0
366,../../ava/subset/1597.jpg,0.0
367,../../ava/subset/1598.jpg,0.0
368,../../ava/subset/160.jpg,0.0
369,../../ava/subset/1600.jpg,0.0
370,../../ava/subset/1601.jpg,0.0
371,../../ava/subset/1602.jpg,0.0
372,../../ava/subset/1603.jpg,0.0
373,../../ava/subset/1604.jpg,0.0
374,../../ava/subset/1606.jpg,0.0
375,../../ava/subset/1608.jpg,0.0
376,../../ava/subset/1609.jpg,0.0
377,../../ava/subset/1610.jpg,0.0
378,../../ava/subset/1611.jpg,0.0
379,../../ava/subset/1614.jpg,0.0
380,../../ava/subset/1615.jpg,0.0
381,../../ava/subset/1616.jpg,0.0
382,../../ava/subset/1617.jpg,0.0
383,../../ava/subset/1618.jpg,0.0
384,../../ava/subset/1619.jpg,0.0
385,../../ava/subset/162.jpg,0.0
386,../../ava/subset/1620.jpg,0.0
387,../../ava/subset/1621.jpg,0.0
388,../../ava/subset/1622.jpg,0.0
389,../../ava/subset/1623.jpg,0.0
390,../../ava/subset/1624.jpg,0.0
391,../../ava/subset/1625.jpg,0.0
392,../../ava/subset/1626.jpg,0.0
393,../../ava/subset/1627.jpg,0.0
394,../../ava/subset/1628.jpg,0.0
395,../../ava/subset/1629.jpg,0.0
396,../../ava/subset/1630.jpg,0.0
397,../../ava/subset/1632.jpg,0.0
398,../../ava/subset/1633.jpg,0.0
399,../../ava/subset/1635.jpg,0.0
400,../../ava/subset/1639.jpg,0.0
401,../../ava/subset/1641.jpg,0.0
402,../../ava/subset/1643.jpg,0.0
403,../../ava/subset/1644.jpg,0.0
404,../../ava/subset/1645.jpg,0.0
405,../../ava/subset/1647.jpg,0.0
406,../../ava/subset/1648.jpg,0.0
407,../../ava/subset/1649.jpg,0.0
408,../../ava/subset/165.jpg,0.0
409,../../ava/subset/1650.jpg,0.0
410,../../ava/subset/1651.jpg,0.0
411,../../ava/subset/1653.jpg,0.0
412,../../ava/subset/1655.jpg,0.0
413,../../ava/subset/1656.jpg,0.0
414,../../ava/subset/1657.jpg,0.0
415,../../ava/subset/1658.jpg,0.0
416,../../ava/subset/1659.jpg,0.0
417,../../ava/subset/166.jpg,0.0
418,../../ava/subset/1662.jpg,0.0
419,../../ava/subset/1664.jpg,0.0
420,../../ava/subset/1665.jpg,0.0
421,../../ava/subset/1666.jpg,0.0
422,../../ava/subset/1667.jpg,0.0
423,../../ava/subset/167.jpg,0.0
424,../../ava/subset/1671.jpg,0.0
425,../../ava/subset/1675.jpg,0.0
426,../../ava/subset/1676.jpg,0.0
427,../../ava/subset/1677.jpg,0.0
428,../../ava/subset/1678.jpg,0.0
429,../../ava/subset/168.jpg,0.0
430,../../ava/subset/1680.jpg,0.0
431,../../ava/subset/1681.jpg,0.0
432,../../ava/subset/1685.jpg,0.0
433,../../ava/subset/1686.jpg,0.0
434,../../ava/subset/1687.jpg,0.0
435,../../ava/subset/169.jpg,0.0
436,../../ava/subset/1692.jpg,0.0
437,../../ava/subset/1694.jpg,0.0
438,../../ava/subset/1695.jpg,0.0
439,../../ava/subset/1696.jpg,0.0
440,../../ava/subset/1697.jpg,0.0
441,../../ava/subset/170.jpg,0.0
442,../../ava/subset/1701.jpg,0.0
443,../../ava/subset/1702.jpg,0.0
444,../../ava/subset/1706.jpg,0.0
445,../../ava/subset/1707.jpg,0.0
446,../../ava/subset/1709.jpg,0.0
447,../../ava/subset/1713.jpg,0.0
448,../../ava/subset/1717.jpg,0.0
449,../../ava/subset/1719.jpg,0.0
450,../../ava/subset/172.jpg,0.0
451,../../ava/subset/1721.jpg,0.0
452,../../ava/subset/1722.jpg,0.0
453,../../ava/subset/1725.jpg,0.0
454,../../ava/subset/1727.jpg,0.0
455,../../ava/subset/1728.jpg,0.0
456,../../ava/subset/1729.jpg,0.0
457,../../ava/subset/1731.jpg,0.0
458,../../ava/subset/1732.jpg,0.0
459,../../ava/subset/1735.jpg,0.0
460,../../ava/subset/1736.jpg,0.0
461,../../ava/subset/1737.jpg,0.0
462,../../ava/subset/174.jpg,0.0
463,../../ava/subset/1740.jpg,0.0
464,../../ava/subset/1741.jpg,0.0
465,../../ava/subset/1742.jpg,0.0
466,../../ava/subset/1743.jpg,0.0
467,../../ava/subset/1744.jpg,0.0
468,../../ava/subset/1745.jpg,0.0
469,../../ava/subset/1746.jpg,0.0
470,../../ava/subset/1747.jpg,0.0
471,../../ava/subset/1748.jpg,0.0
472,../../ava/subset/1749.jpg,0.0
473,../../ava/subset/175.jpg,0.0
474,../../ava/subset/1750.jpg,0.0
475,../../ava/subset/1751.jpg,0.0
476,../../ava/subset/1752.jpg,0.0
477,../../ava/subset/1753.jpg,0.0
478,../../ava/subset/1754.jpg,0.0
479,../../ava/subset/1755.jpg,0.0
480,../../ava/subset/1757.jpg,0.0
481,../../ava/subset/1758.jpg,0.0
482,../../ava/subset/176.jpg,0.0
483,../../ava/subset/1760.jpg,0.0
484,../../ava/subset/1761.jpg,0.0
485,../../ava/subset/1762.jpg,0.0
486,../../ava/subset/1763.jpg,0.0
487,../../ava/subset/1764.jpg,0.0
488,../../ava/subset/1765.jpg,0.0
489,../../ava/subset/1766.jpg,0.0
490,../../ava/subset/1767.jpg,0.0
491,../../ava/subset/1768.jpg,0.0
492,../../ava/subset/177.jpg,0.0
493,../../ava/subset/1770.jpg,0.0
494,../../ava/subset/1772.jpg,0.0
495,../../ava/subset/1774.jpg,0.0
496,../../ava/subset/1776.jpg,0.0
497,../../ava/subset/1777.jpg,0.0
498,../../ava/subset/1778.jpg,0.0
499,../../ava/subset/1779.jpg,0.0
500,../../ava/subset/178.jpg,0.0
501,../../ava/subset/1780.jpg,0.0
502,../../ava/subset/1781.jpg,0.0
503,../../ava/subset/1783.jpg,0.0
504,../../ava/subset/1784.jpg,0.0
505,../../ava/subset/1785.jpg,0.0
506,../../ava/subset/1786.jpg,0.0
507,../../ava/subset/1787.jpg,0.0
508,../../ava/subset/1788.jpg,0.0
509,../../ava/subset/1789.jpg,0.0
510,../../ava/subset/179.jpg,0.0
511,../../ava/subset/1790.jpg,0.0
512,../../ava/subset/1792.jpg,0.0
513,../../ava/subset/1793.jpg,0.0
514,../../ava/subset/1794.jpg,0.0
515,../../ava/subset/1795.jpg,0.0
516,../../ava/subset/1798.jpg,0.0
517,../../ava/subset/1799.jpg,0.0
518,../../ava/subset/180.jpg,0.0
519,../../ava/subset/1800.jpg,0.0
520,../../ava/subset/1801.jpg,0.0
521,../../ava/subset/1803.jpg,0.0
522,../../ava/subset/1806.jpg,0.0
523,../../ava/subset/1809.jpg,0.0
524,../../ava/subset/181.jpg,0.0
525,../../ava/subset/1810.jpg,0.0
526,../../ava/subset/1811.jpg,0.0
527,../../ava/subset/1812.jpg,0.0
528,../../ava/subset/1813.jpg,0.0
529,../../ava/subset/1814.jpg,0.0
530,../../ava/subset/1815.jpg,0.0
531,../../ava/subset/1818.jpg,0.0
532,../../ava/subset/1819.jpg,0.0
533,../../ava/subset/1826.jpg,0.0
534,../../ava/subset/1827.jpg,0.0
535,../../ava/subset/1830.jpg,0.0
536,../../ava/subset/1832.jpg,0.0
537,../../ava/subset/1835.jpg,0.0
538,../../ava/subset/1836.jpg,0.0
539,../../ava/subset/1837.jpg,0.0
540,../../ava/subset/1838.jpg,0.0
541,../../ava/subset/1839.jpg,0.0
542,../../ava/subset/184.jpg,0.0
543,../../ava/subset/1841.jpg,0.0
544,../../ava/subset/1842.jpg,0.0
545,../../ava/subset/1846.jpg,0.0
546,../../ava/subset/1847.jpg,0.0
547,../../ava/subset/1848.jpg,0.0
548,../../ava/subset/1849.jpg,0.0
549,../../ava/subset/185.jpg,0.0
550,../../ava/subset/1850.jpg,0.0
551,../../ava/subset/1855.jpg,0.0
552,../../ava/subset/1856.jpg,0.0
553,../../ava/subset/1858.jpg,0.0
554,../../ava/subset/1860.jpg,0.0
555,../../ava/subset/1861.jpg,0.0
556,../../ava/subset/1862.jpg,0.0
557,../../ava/subset/1863.jpg,0.0
558,../../ava/subset/1864.jpg,0.0
559,../../ava/subset/1865.jpg,0.0
560,../../ava/subset/1867.jpg,0.0
561,../../ava/subset/1869.jpg,0.0
562,../../ava/subset/187.jpg,0.0
563,../../ava/subset/1870.jpg,0.0
564,../../ava/subset/1871.jpg,0.0
565,../../ava/subset/1874.jpg,0.0
566,../../ava/subset/1876.jpg,0.0
567,../../ava/subset/1877.jpg,0.0
568,../../ava/subset/1879.jpg,0.0
569,../../ava/subset/1881.jpg,0.0
570,../../ava/subset/1882.jpg,0.0
571,../../ava/subset/1883.jpg,0.0
572,../../ava/subset/1884.jpg,0.0
573,../../ava/subset/1886.jpg,0.0
574,../../ava/subset/1888.jpg,0.0
575,../../ava/subset/189.jpg,0.0
576,../../ava/subset/1890.jpg,0.0
577,../../ava/subset/1891.jpg,0.0
578,../../ava/subset/1892.jpg,0.0
579,../../ava/subset/1893.jpg,0.0
580,../../ava/subset/1894.jpg,0.0
581,../../ava/subset/1895.jpg,0.0
582,../../ava/subset/1896.jpg,0.0
583,../../ava/subset/1898.jpg,0.0
584,../../ava/subset/190.jpg,0.0
585,../../ava/subset/1900.jpg,0.0
586,../../ava/subset/1901.jpg,0.0
587,../../ava/subset/1902.jpg,0.0
588,../../ava/subset/1903.jpg,0.0
589,../../ava/subset/1904.jpg,0.0
590,../../ava/subset/1905.jpg,0.0
591,../../ava/subset/1906.jpg,0.0
592,../../ava/subset/1907.jpg,0.0
593,../../ava/subset/1908.jpg,0.0
594,../../ava/subset/1909.jpg,0.0
595,../../ava/subset/191.jpg,0.0
596,../../ava/subset/1910.jpg,0.0
597,../../ava/subset/1911.jpg,0.0
598,../../ava/subset/1912.jpg,0.0
599,../../ava/subset/1914.jpg,0.0
600,../../ava/subset/1915.jpg,0.0
601,../../ava/subset/1916.jpg,0.0
602,../../ava/subset/1917.jpg,0.0
603,../../ava/subset/1918.jpg,0.0
604,../../ava/subset/1919.jpg,0.0
605,../../ava/subset/192.jpg,0.0
606,../../ava/subset/1920.jpg,0.0
607,../../ava/subset/1921.jpg,0.0
608,../../ava/subset/1922.jpg,0.0
609,../../ava/subset/1923.jpg,0.0
610,../../ava/subset/1924.jpg,0.0
611,../../ava/subset/1925.jpg,0.0
612,../../ava/subset/1926.jpg,0.0
613,../../ava/subset/1927.jpg,0.0
614,../../ava/subset/1928.jpg,0.0
615,../../ava/subset/193.jpg,0.0
616,../../ava/subset/1930.jpg,0.0
617,../../ava/subset/1931.jpg,0.0
618,../../ava/subset/1932.jpg,0.0
619,../../ava/subset/1933.jpg,0.0
620,../../ava/subset/1934.jpg,0.0
621,../../ava/subset/1935.jpg,0.0
622,../../ava/subset/1938.jpg,0.0
623,../../ava/subset/1939.jpg,0.0
624,../../ava/subset/194.jpg,0.0
625,../../ava/subset/1941.jpg,0.0
626,../../ava/subset/1942.jpg,0.0
627,../../ava/subset/1943.jpg,0.0
628,../../ava/subset/1944.jpg,0.0
629,../../ava/subset/1945.jpg,0.0
630,../../ava/subset/1946.jpg,0.0
631,../../ava/subset/1947.jpg,0.0
632,../../ava/subset/1948.jpg,0.0
633,../../ava/subset/1949.jpg,0.0
634,../../ava/subset/195.jpg,0.0
635,../../ava/subset/1950.jpg,0.0
636,../../ava/subset/1952.jpg,0.0
637,../../ava/subset/1953.jpg,0.0
638,../../ava/subset/1954.jpg,0.0
639,../../ava/subset/1955.jpg,0.0
640,../../ava/subset/1956.jpg,0.0
641,../../ava/subset/1958.jpg,0.0
642,../../ava/subset/1959.jpg,0.0
643,../../ava/subset/196.jpg,0.0
644,../../ava/subset/1960.jpg,0.0
645,../../ava/subset/1961.jpg,0.0
646,../../ava/subset/1965.jpg,0.0
647,../../ava/subset/1967.jpg,0.0
648,../../ava/subset/1971.jpg,0.0
649,../../ava/subset/1976.jpg,0.0
650,../../ava/subset/198.jpg,0.0
651,../../ava/subset/1980.jpg,0.0
652,../../ava/subset/1983.jpg,0.0
653,../../ava/subset/1984.jpg,0.0
654,../../ava/subset/1989.jpg,0.0
655,../../ava/subset/199.jpg,0.0
656,../../ava/subset/1990.jpg,0.0
657,../../ava/subset/1995.jpg,0.0
658,../../ava/subset/1996.jpg,0.0
659,../../ava/subset/200.jpg,0.0
660,../../ava/subset/2002.jpg,0.0
661,../../ava/subset/2008.jpg,0.0
662,../../ava/subset/2009.jpg,0.0
663,../../ava/subset/201.jpg,0.0
664,../../ava/subset/2010.jpg,0.0
665,../../ava/subset/2013.jpg,0.0
666,../../ava/subset/2017.jpg,0.0
667,../../ava/subset/2018.jpg,0.0
668,../../ava/subset/2019.jpg,0.0
669,../../ava/subset/202.jpg,0.0
670,../../ava/subset/2020.jpg,0.0
671,../../ava/subset/2021.jpg,0.0
672,../../ava/subset/2023.jpg,0.0
673,../../ava/subset/2024.jpg,0.0
674,../../ava/subset/2027.jpg,0.0
675,../../ava/subset/203.jpg,0.0
676,../../ava/subset/2030.jpg,0.0
677,../../ava/subset/2033.jpg,0.0
678,../../ava/subset/2039.jpg,0.0
679,../../ava/subset/204.jpg,0.0
680,../../ava/subset/2041.jpg,0.0
681,../../ava/subset/2042.jpg,0.0
682,../../ava/subset/2044.jpg,0.0
683,../../ava/subset/2046.jpg,0.0
684,../../ava/subset/205.jpg,0.0
685,../../ava/subset/2053.jpg,0.0
686,../../ava/subset/2054.jpg,0.0
687,../../ava/subset/2055.jpg,0.0
688,../../ava/subset/2059.jpg,0.0
689,../../ava/subset/2062.jpg,0.0
690,../../ava/subset/2066.jpg,0.0
691,../../ava/subset/207.jpg,0.0
692,../../ava/subset/2071.jpg,0.0
693,../../ava/subset/2075.jpg,0.0
694,../../ava/subset/2077.jpg,0.0
695,../../ava/subset/2078.jpg,0.0
696,../../ava/subset/2079.jpg,0.0
697,../../ava/subset/208.jpg,0.0
698,../../ava/subset/2080.jpg,0.0
699,../../ava/subset/2081.jpg,0.0
700,../../ava/subset/2082.jpg,0.0
701,../../ava/subset/2083.jpg,0.0
702,../../ava/subset/2085.jpg,0.0
703,../../ava/subset/2086.jpg,0.0
704,../../ava/subset/2087.jpg,0.0
705,../../ava/subset/2091.jpg,0.0
706,../../ava/subset/2092.jpg,0.0
707,../../ava/subset/2093.jpg,0.0
708,../../ava/subset/2094.jpg,0.0
709,../../ava/subset/2096.jpg,0.0
710,../../ava/subset/2097.jpg,0.0
711,../../ava/subset/2098.jpg,0.0
712,../../ava/subset/2099.jpg,0.0
713,../../ava/subset/210.jpg,0.0
714,../../ava/subset/2100.jpg,0.0
715,../../ava/subset/2101.jpg,0.0
716,../../ava/subset/2102.jpg,0.0
717,../../ava/subset/2103.jpg,0.0
718,../../ava/subset/2104.jpg,0.0
719,../../ava/subset/2105.jpg,0.0
720,../../ava/subset/2106.jpg,0.0
721,../../ava/subset/2107.jpg,0.0
722,../../ava/subset/2108.jpg,0.0
723,../../ava/subset/211.jpg,0.0
724,../../ava/subset/2111.jpg,0.0
725,../../ava/subset/2113.jpg,0.0
726,../../ava/subset/2114.jpg,0.0
727,../../ava/subset/2115.jpg,0.0
728,../../ava/subset/2116.jpg,0.0
729,../../ava/subset/2119.jpg,0.0
730,../../ava/subset/2122.jpg,0.0
731,../../ava/subset/2123.jpg,0.0
732,../../ava/subset/2125.jpg,0.0
733,../../ava/subset/2126.jpg,0.0
734,../../ava/subset/2127.jpg,0.0
735,../../ava/subset/2128.jpg,0.0
736,../../ava/subset/2129.jpg,0.0
737,../../ava/subset/213.jpg,0.0
738,../../ava/subset/2130.jpg,0.0
739,../../ava/subset/2131.jpg,0.0
740,../../ava/subset/2132.jpg,0.0
741,../../ava/subset/2133.jpg,0.0
742,../../ava/subset/2134.jpg,0.0
743,../../ava/subset/2137.jpg,0.0
744,../../ava/subset/2138.jpg,0.0
745,../../ava/subset/2139.jpg,0.0
746,../../ava/subset/214.jpg,0.0
747,../../ava/subset/2141.jpg,0.0
748,../../ava/subset/2142.jpg,0.0
749,../../ava/subset/2144.jpg,0.0
750,../../ava/subset/2145.jpg,0.0
751,../../ava/subset/2147.jpg,0.0
752,../../ava/subset/2148.jpg,0.0
753,../../ava/subset/2150.jpg,0.0
754,../../ava/subset/2151.jpg,0.0
755,../../ava/subset/2153.jpg,0.0
756,../../ava/subset/2155.jpg,0.0
757,../../ava/subset/2157.jpg,0.0
758,../../ava/subset/2159.jpg,0.0
759,../../ava/subset/2160.jpg,0.0
760,../../ava/subset/2161.jpg,0.0
761,../../ava/subset/2162.jpg,0.0
762,../../ava/subset/2163.jpg,0.0
763,../../ava/subset/2164.jpg,0.0
764,../../ava/subset/2165.jpg,0.0
765,../../ava/subset/2166.jpg,0.0
766,../../ava/subset/2167.jpg,0.0
767,../../ava/subset/2168.jpg,0.0
768,../../ava/subset/2169.jpg,0.0
769,../../ava/subset/217.jpg,0.0
770,../../ava/subset/2170.jpg,0.0
771,../../ava/subset/2171.jpg,0.0
772,../../ava/subset/2172.jpg,0.0
773,../../ava/subset/2173.jpg,0.0
774,../../ava/subset/2174.jpg,0.0
775,../../ava/subset/2175.jpg,0.0
776,../../ava/subset/2176.jpg,0.0
777,../../ava/subset/2177.jpg,0.0
778,../../ava/subset/218.jpg,0.0
779,../../ava/subset/2180.jpg,0.0
780,../../ava/subset/2181.jpg,0.0
781,../../ava/subset/2182.jpg,0.0
782,../../ava/subset/2183.jpg,0.0
783,../../ava/subset/2184.jpg,0.0
784,../../ava/subset/2185.jpg,0.0
785,../../ava/subset/2186.jpg,0.0
786,../../ava/subset/2187.jpg,0.0
787,../../ava/subset/2188.jpg,0.0
788,../../ava/subset/219.jpg,0.0
789,../../ava/subset/2190.jpg,0.0
790,../../ava/subset/2191.jpg,0.0
791,../../ava/subset/2192.jpg,0.0
792,../../ava/subset/2193.jpg,0.0
793,../../ava/subset/2194.jpg,0.0
794,../../ava/subset/2195.jpg,0.0
795,../../ava/subset/2196.jpg,0.0
796,../../ava/subset/2197.jpg,0.0
797,../../ava/subset/2198.jpg,0.0
798,../../ava/subset/2199.jpg,0.0
799,../../ava/subset/2200.jpg,0.0
800,../../ava/subset/2201.jpg,0.0
801,../../ava/subset/2202.jpg,0.0
802,../../ava/subset/2203.jpg,0.0
803,../../ava/subset/2204.jpg,0.0
804,../../ava/subset/2205.jpg,0.0
805,../../ava/subset/2206.jpg,0.0
806,../../ava/subset/2207.jpg,0.0
807,../../ava/subset/2209.jpg,0.0
808,../../ava/subset/2210.jpg,0.0
809,../../ava/subset/2211.jpg,0.0
810,../../ava/subset/2212.jpg,0.0
811,../../ava/subset/2213.jpg,0.0
812,../../ava/subset/2214.jpg,0.0
813,../../ava/subset/2215.jpg,0.0
814,../../ava/subset/2216.jpg,0.0
815,../../ava/subset/2217.jpg,0.0
816,../../ava/subset/2218.jpg,0.0
817,../../ava/subset/2220.jpg,0.0
818,../../ava/subset/2223.jpg,0.0
819,../../ava/subset/2224.jpg,0.0
820,../../ava/subset/2225.jpg,0.0
821,../../ava/subset/2226.jpg,0.0
822,../../ava/subset/2229.jpg,0.0
823,../../ava/subset/223.jpg,0.0
824,../../ava/subset/2231.jpg,0.0
825,../../ava/subset/2233.jpg,0.0
826,../../ava/subset/2234.jpg,0.0
827,../../ava/subset/2235.jpg,0.0
828,../../ava/subset/2236.jpg,0.0
829,../../ava/subset/2241.jpg,0.0
830,../../ava/subset/2244.jpg,0.0
831,../../ava/subset/2245.jpg,0.0
832,../../ava/subset/2246.jpg,0.0
833,../../ava/subset/225.jpg,0.0
834,../../ava/subset/2253.jpg,0.0
835,../../ava/subset/2255.jpg,0.0
836,../../ava/subset/226.jpg,0.0
837,../../ava/subset/2260.jpg,0.0
838,../../ava/subset/2263.jpg,0.0
839,../../ava/subset/2264.jpg,0.0
840,../../ava/subset/2265.jpg,0.0
841,../../ava/subset/2266.jpg,0.0
842,../../ava/subset/2267.jpg,0.0
843,../../ava/subset/2268.jpg,0.0
844,../../ava/subset/2269.jpg,0.0
845,../../ava/subset/227.jpg,0.0
846,../../ava/subset/2270.jpg,0.0
847,../../ava/subset/2273.jpg,0.0
848,../../ava/subset/2275.jpg,0.0
849,../../ava/subset/2276.jpg,0.0
850,../../ava/subset/2277.jpg,0.0
851,../../ava/subset/2278.jpg,0.0
852,../../ava/subset/2279.jpg,0.0
853,../../ava/subset/2280.jpg,0.0
854,../../ava/subset/2282.jpg,0.0
855,../../ava/subset/2285.jpg,0.0
856,../../ava/subset/2286.jpg,0.0
857,../../ava/subset/2287.jpg,0.0
858,../../ava/subset/2288.jpg,0.0
859,../../ava/subset/2289.jpg,0.0
860,../../ava/subset/2290.jpg,0.0
861,../../ava/subset/2292.jpg,0.0
862,../../ava/subset/2293.jpg,0.0
863,../../ava/subset/2294.jpg,0.0
864,../../ava/subset/2295.jpg,0.0
865,../../ava/subset/2297.jpg,0.0
866,../../ava/subset/2298.jpg,0.0
867,../../ava/subset/2299.jpg,0.0
868,../../ava/subset/230.jpg,0.0
869,../../ava/subset/2301.jpg,0.0
870,../../ava/subset/2302.jpg,0.0
871,../../ava/subset/2303.jpg,0.0
872,../../ava/subset/2304.jpg,0.0
873,../../ava/subset/2309.jpg,0.0
874,../../ava/subset/2310.jpg,0.0
875,../../ava/subset/2311.jpg,0.0
876,../../ava/subset/2313.jpg,0.0
877,../../ava/subset/2314.jpg,0.0
878,../../ava/subset/2315.jpg,0.0
879,../../ava/subset/2316.jpg,0.0
880,../../ava/subset/2322.jpg,0.0
881,../../ava/subset/2323.jpg,0.0
882,../../ava/subset/2324.jpg,0.0
883,../../ava/subset/2325.jpg,0.0
884,../../ava/subset/2326.jpg,0.0
885,../../ava/subset/2328.jpg,0.0
886,../../ava/subset/2329.jpg,0.0
887,../../ava/subset/233.jpg,0.0
888,../../ava/subset/2330.jpg,0.0
889,../../ava/subset/2331.jpg,0.0
890,../../ava/subset/2332.jpg,0.0
891,../../ava/subset/2333.jpg,0.0
892,../../ava/subset/2334.jpg,0.0
893,../../ava/subset/2336.jpg,0.0
894,../../ava/subset/2337.jpg,0.0
895,../../ava/subset/2339.jpg,0.0
896,../../ava/subset/234.jpg,0.0
897,../../ava/subset/2340.jpg,0.0
898,../../ava/subset/2341.jpg,0.0
899,../../ava/subset/2342.jpg,0.0
900,../../ava/subset/2343.jpg,0.0
901,../../ava/subset/2344.jpg,0.0
902,../../ava/subset/2345.jpg,0.0
903,../../ava/subset/2346.jpg,0.0
904,../../ava/subset/2347.jpg,0.0
905,../../ava/subset/2348.jpg,0.0
906,../../ava/subset/2349.jpg,0.0
907,../../ava/subset/235.jpg,0.0
908,../../ava/subset/2350.jpg,0.0
909,../../ava/subset/2354.jpg,0.0
910,../../ava/subset/2355.jpg,0.0
911,../../ava/subset/2357.jpg,0.0
912,../../ava/subset/2358.jpg,0.0
913,../../ava/subset/2360.jpg,0.0
914,../../ava/subset/2361.jpg,0.0
915,../../ava/subset/2362.jpg,0.0
916,../../ava/subset/2365.jpg,0.0
917,../../ava/subset/2367.jpg,0.0
918,../../ava/subset/2368.jpg,0.0
919,../../ava/subset/2369.jpg,0.0
920,../../ava/subset/2370.jpg,0.0
921,../../ava/subset/2371.jpg,0.0
922,../../ava/subset/2372.jpg,0.0
923,../../ava/subset/2373.jpg,0.0
924,../../ava/subset/2374.jpg,0.0
925,../../ava/subset/2375.jpg,0.0
926,../../ava/subset/2376.jpg,0.0
927,../../ava/subset/2378.jpg,0.0
928,../../ava/subset/2379.jpg,0.0
929,../../ava/subset/238.jpg,0.0
930,../../ava/subset/2380.jpg,0.0
931,../../ava/subset/2381.jpg,0.0
932,../../ava/subset/2382.jpg,0.0
933,../../ava/subset/2383.jpg,0.0
934,../../ava/subset/2384.jpg,0.0
935,../../ava/subset/2386.jpg,0.0
936,../../ava/subset/2388.jpg,0.0
937,../../ava/subset/239.jpg,0.0
938,../../ava/subset/2393.jpg,0.0
939,../../ava/subset/2395.jpg,0.0
940,../../ava/subset/2396.jpg,0.0
941,../../ava/subset/2397.jpg,0.0
942,../../ava/subset/2398.jpg,0.0
943,../../ava/subset/240.jpg,0.0
944,../../ava/subset/2402.jpg,0.0
945,../../ava/subset/2405.jpg,0.0
946,../../ava/subset/2406.jpg,0.0
947,../../ava/subset/2407.jpg,0.0
948,../../ava/subset/2408.jpg,0.0
949,../../ava/subset/2409.jpg,0.0
950,../../ava/subset/2411.jpg,0.0
951,../../ava/subset/2419.jpg,0.0
952,../../ava/subset/242.jpg,0.0
953,../../ava/subset/2421.jpg,0.0
954,../../ava/subset/2422.jpg,0.0
955,../../ava/subset/2424.jpg,0.0
956,../../ava/subset/2425.jpg,0.0
957,../../ava/subset/2428.jpg,0.0
958,../../ava/subset/2429.jpg,0.0
959,../../ava/subset/243.jpg,0.0
960,../../ava/subset/2430.jpg,0.0
961,../../ava/subset/2433.jpg,0.0
962,../../ava/subset/2435.jpg,0.0
963,../../ava/subset/2437.jpg,0.0
964,../../ava/subset/2438.jpg,0.0
965,../../ava/subset/2439.jpg,0.0
966,../../ava/subset/2442.jpg,0.0
967,../../ava/subset/2444.jpg,0.0
968,../../ava/subset/2445.jpg,0.0
969,../../ava/subset/2448.jpg,0.0
970,../../ava/subset/2449.jpg,0.0
971,../../ava/subset/245.jpg,0.0
972,../../ava/subset/2450.jpg,0.0
973,../../ava/subset/2451.jpg,0.0
974,../../ava/subset/2452.jpg,0.0
975,../../ava/subset/2453.jpg,0.0
976,../../ava/subset/2457.jpg,0.0
977,../../ava/subset/2458.jpg,0.0
978,../../ava/subset/2459.jpg,0.0
979,../../ava/subset/246.jpg,0.0
980,../../ava/subset/2460.jpg,0.0
981,../../ava/subset/2461.jpg,0.0
982,../../ava/subset/2462.jpg,0.0
983,../../ava/subset/2463.jpg,0.0
984,../../ava/subset/2464.jpg,0.0
985,../../ava/subset/2468.jpg,0.0
986,../../ava/subset/2469.jpg,0.0
987,../../ava/subset/2470.jpg,0.0
988,../../ava/subset/2473.jpg,0.0
989,../../ava/subset/2477.jpg,0.0
990,../../ava/subset/2478.jpg,0.0
991,../../ava/subset/2481.jpg,0.0
992,../../ava/subset/2482.jpg,0.0
993,../../ava/subset/2485.jpg,0.0
994,../../ava/subset/2486.jpg,0.0
995,../../ava/subset/2489.jpg,0.0
996,../../ava/subset/2491.jpg,0.0
997,../../ava/subset/2495.jpg,0.0
998,../../ava/subset/2496.jpg,0.0
999,../../ava/subset/2499.jpg,0.0
1000,../../ava/subset/2500.jpg,0.0
1001,../../ava/subset/2502.jpg,0.0
1002,../../ava/subset/2503.jpg,0.0
1003,../../ava/subset/2505.jpg,0.0
1004,../../ava/subset/2506.jpg,0.0
1005,../../ava/subset/2508.jpg,0.0
1006,../../ava/subset/251.jpg,0.0
1007,../../ava/subset/2511.jpg,0.0
1008,../../ava/subset/2512.jpg,0.0
1009,../../ava/subset/2513.jpg,0.0
1010,../../ava/subset/2514.jpg,0.0
1011,../../ava/subset/2515.jpg,0.0
1012,../../ava/subset/2516.jpg,0.0
1013,../../ava/subset/2519.jpg,0.0
1014,../../ava/subset/252.jpg,0.0
1015,../../ava/subset/2523.jpg,0.0
1016,../../ava/subset/2524.jpg,0.0
1017,../../ava/subset/2525.jpg,0.0
1018,../../ava/subset/2526.jpg,0.0
1019,../../ava/subset/2527.jpg,0.0
1020,../../ava/subset/2528.jpg,0.0
1021,../../ava/subset/2529.jpg,0.0
1022,../../ava/subset/253.jpg,0.0
1023,../../ava/subset/2530.jpg,0.0
1024,../../ava/subset/2531.jpg,0.0
1025,../../ava/subset/2532.jpg,0.0
1026,../../ava/subset/2533.jpg,0.0
1027,../../ava/subset/2534.jpg,0.0
1028,../../ava/subset/2535.jpg,0.0
1029,../../ava/subset/2537.jpg,0.0
1030,../../ava/subset/2538.jpg,0.0
1031,../../ava/subset/2539.jpg,0.0
1032,../../ava/subset/254.jpg,0.0
1033,../../ava/subset/2540.jpg,0.0
1034,../../ava/subset/2541.jpg,0.0
1035,../../ava/subset/2543.jpg,0.0
1036,../../ava/subset/2545.jpg,0.0
1037,../../ava/subset/2546.jpg,0.0
1038,../../ava/subset/2547.jpg,0.0
1039,../../ava/subset/2548.jpg,0.0
1040,../../ava/subset/2549.jpg,0.0
1041,../../ava/subset/2551.jpg,0.0
1042,../../ava/subset/2554.jpg,0.0
1043,../../ava/subset/2555.jpg,0.0
1044,../../ava/subset/2557.jpg,0.0
1045,../../ava/subset/2558.jpg,0.0
1046,../../ava/subset/2559.jpg,0.0
1047,../../ava/subset/256.jpg,0.0
1048,../../ava/subset/2560.jpg,0.0
1049,../../ava/subset/2561.jpg,0.0
1050,../../ava/subset/2563.jpg,0.0
1051,../../ava/subset/2565.jpg,0.0
1052,../../ava/subset/2567.jpg,0.0
1053,../../ava/subset/2568.jpg,0.0
1054,../../ava/subset/2569.jpg,0.0
1055,../../ava/subset/2570.jpg,0.0
1056,../../ava/subset/2571.jpg,0.0
1057,../../ava/subset/2572.jpg,0.0
1058,../../ava/subset/2573.jpg,0.0
1059,../../ava/subset/2574.jpg,0.0
1060,../../ava/subset/2576.jpg,0.0
1061,../../ava/subset/2577.jpg,0.0
1062,../../ava/subset/2578.jpg,0.0
1063,../../ava/subset/2579.jpg,0.0
1064,../../ava/subset/2580.jpg,0.0
1065,../../ava/subset/2581.jpg,0.0
1066,../../ava/subset/2582.jpg,0.0
1067,../../ava/subset/2583.jpg,0.0
1068,../../ava/subset/2584.jpg,0.0
1069,../../ava/subset/2585.jpg,0.0
1070,../../ava/subset/2586.jpg,0.0
1071,../../ava/subset/2587.jpg,0.0
1072,../../ava/subset/2589.jpg,0.0
1073,../../ava/subset/259.jpg,0.0
1074,../../ava/subset/2590.jpg,0.0
1075,../../ava/subset/2591.jpg,0.0
1076,../../ava/subset/2593.jpg,0.0
1077,../../ava/subset/2594.jpg,0.0
1078,../../ava/subset/2595.jpg,0.0
1079,../../ava/subset/2596.jpg,0.0
1080,../../ava/subset/2598.jpg,0.0
1081,../../ava/subset/2599.jpg,0.0
1082,../../ava/subset/260.jpg,0.0
1083,../../ava/subset/2600.jpg,0.0
1084,../../ava/subset/2601.jpg,0.0
1085,../../ava/subset/2602.jpg,0.0
1086,../../ava/subset/2605.jpg,0.0
1087,../../ava/subset/2607.jpg,0.0
1088,../../ava/subset/2608.jpg,0.0
1089,../../ava/subset/2609.jpg,0.0
1090,../../ava/subset/2610.jpg,0.0
1091,../../ava/subset/2619.jpg,0.0
1092,../../ava/subset/262.jpg,0.0
1093,../../ava/subset/2621.jpg,0.0
1094,../../ava/subset/2625.jpg,0.0
1095,../../ava/subset/2626.jpg,0.0
1096,../../ava/subset/2627.jpg,0.0
1097,../../ava/subset/263.jpg,0.0
1098,../../ava/subset/2630.jpg,0.0
1099,../../ava/subset/2631.jpg,0.0
1100,../../ava/subset/2632.jpg,0.0
1101,../../ava/subset/2633.jpg,0.0
1102,../../ava/subset/2634.jpg,0.0
1103,../../ava/subset/2635.jpg,0.0
1104,../../ava/subset/2636.jpg,0.0
1105,../../ava/subset/2639.jpg,0.0
1106,../../ava/subset/2642.jpg,0.0
1107,../../ava/subset/2643.jpg,0.0
1108,../../ava/subset/2647.jpg,0.0
1109,../../ava/subset/2649.jpg,0.0
1110,../../ava/subset/265.jpg,0.0
1111,../../ava/subset/2650.jpg,0.0
1112,../../ava/subset/2651.jpg,0.0
1113,../../ava/subset/2654.jpg,0.0
1114,../../ava/subset/2656.jpg,0.0
1115,../../ava/subset/2657.jpg,0.0
1116,../../ava/subset/2658.jpg,0.0
1117,../../ava/subset/2659.jpg,0.0
1118,../../ava/subset/2660.jpg,0.0
1119,../../ava/subset/2662.jpg,0.0
1120,../../ava/subset/2663.jpg,0.0
1121,../../ava/subset/2664.jpg,0.0
1122,../../ava/subset/2665.jpg,0.0
1123,../../ava/subset/2667.jpg,0.0
1124,../../ava/subset/2668.jpg,0.0
1125,../../ava/subset/267.jpg,0.0
1126,../../ava/subset/2670.jpg,0.0
1127,../../ava/subset/2671.jpg,0.0
1128,../../ava/subset/2674.jpg,0.0
1129,../../ava/subset/2676.jpg,0.0
1130,../../ava/subset/2679.jpg,0.0
1131,../../ava/subset/268.jpg,0.0
1132,../../ava/subset/2680.jpg,0.0
1133,../../ava/subset/2681.jpg,0.0
1134,../../ava/subset/2682.jpg,0.0
1135,../../ava/subset/2683.jpg,0.0
1136,../../ava/subset/2684.jpg,0.0
1137,../../ava/subset/2685.jpg,0.0
1138,../../ava/subset/2686.jpg,0.0
1139,../../ava/subset/2689.jpg,0.0
1140,../../ava/subset/269.jpg,0.0
1141,../../ava/subset/2691.jpg,0.0
1142,../../ava/subset/2693.jpg,0.0
1143,../../ava/subset/2694.jpg,0.0
1144,../../ava/subset/2695.jpg,0.0
1145,../../ava/subset/2696.jpg,0.0
1146,../../ava/subset/2697.jpg,0.0
1147,../../ava/subset/2698.jpg,0.0
1148,../../ava/subset/270.jpg,0.0
1149,../../ava/subset/2700.jpg,0.0
1150,../../ava/subset/2701.jpg,0.0
1151,../../ava/subset/2703.jpg,0.0
1152,../../ava/subset/2705.jpg,0.0
1153,../../ava/subset/2706.jpg,0.0
1154,../../ava/subset/2707.jpg,0.0
1155,../../ava/subset/2709.jpg,0.0
1156,../../ava/subset/271.jpg,0.0
1157,../../ava/subset/2710.jpg,0.0
1158,../../ava/subset/2711.jpg,0.0
1159,../../ava/subset/2713.jpg,0.0
1160,../../ava/subset/2714.jpg,0.0
1161,../../ava/subset/2716.jpg,0.0
1162,../../ava/subset/2717.jpg,0.0
1163,../../ava/subset/2718.jpg,0.0
1164,../../ava/subset/2719.jpg,0.0
1165,../../ava/subset/272.jpg,0.0
1166,../../ava/subset/2720.jpg,0.0
1167,../../ava/subset/2721.jpg,0.0
1168,../../ava/subset/2722.jpg,0.0
1169,../../ava/subset/2723.jpg,0.0
1170,../../ava/subset/2724.jpg,0.0
1171,../../ava/subset/2725.jpg,0.0
1172,../../ava/subset/2726.jpg,0.0
1173,../../ava/subset/2727.jpg,0.0
1174,../../ava/subset/2728.jpg,0.0
1175,../../ava/subset/2729.jpg,0.0
1176,../../ava/subset/2730.jpg,0.0
1177,../../ava/subset/2732.jpg,0.0
1178,../../ava/subset/2733.jpg,0.0
1179,../../ava/subset/2734.jpg,0.0
1180,../../ava/subset/2736.jpg,0.0
1181,../../ava/subset/2737.jpg,0.0
1182,../../ava/subset/2738.jpg,0.0
1183,../../ava/subset/2739.jpg,0.0
1184,../../ava/subset/274.jpg,0.0
1185,../../ava/subset/2741.jpg,0.0
1186,../../ava/subset/2742.jpg,0.0
1187,../../ava/subset/2744.jpg,0.0
1188,../../ava/subset/2745.jpg,0.0
1189,../../ava/subset/2746.jpg,0.0
1190,../../ava/subset/2747.jpg,0.0
1191,../../ava/subset/2748.jpg,0.0
1192,../../ava/subset/2749.jpg,0.0
1193,../../ava/subset/275.jpg,0.0
1194,../../ava/subset/2750.jpg,0.0
1195,../../ava/subset/2751.jpg,0.0
1196,../../ava/subset/2752.jpg,0.0
1197,../../ava/subset/2753.jpg,0.0
1198,../../ava/subset/2756.jpg,0.0
1199,../../ava/subset/2757.jpg,0.0
1200,../../ava/subset/2758.jpg,0.0
1201,../../ava/subset/2759.jpg,0.0
1202,../../ava/subset/2760.jpg,0.0
1203,../../ava/subset/2761.jpg,0.0
1204,../../ava/subset/2762.jpg,0.0
1205,../../ava/subset/2765.jpg,0.0
1206,../../ava/subset/2766.jpg,0.0
1207,../../ava/subset/2767.jpg,0.0
1208,../../ava/subset/2768.jpg,0.0
1209,../../ava/subset/277.jpg,0.0
1210,../../ava/subset/2776.jpg,0.0
1211,../../ava/subset/2777.jpg,0.0
1212,../../ava/subset/2778.jpg,0.0
1213,../../ava/subset/2779.jpg,0.0
1214,../../ava/subset/2782.jpg,0.0
1215,../../ava/subset/2783.jpg,0.0
1216,../../ava/subset/2784.jpg,0.0
1217,../../ava/subset/2785.jpg,0.0
1218,../../ava/subset/279.jpg,0.0
1219,../../ava/subset/2790.jpg,0.0
1220,../../ava/subset/2791.jpg,0.0
1221,../../ava/subset/2794.jpg,0.0
1222,../../ava/subset/2795.jpg,0.0
1223,../../ava/subset/2798.jpg,0.0
1224,../../ava/subset/280.jpg,0.0
1225,../../ava/subset/2802.jpg,0.0
1226,../../ava/subset/2803.jpg,0.0
1227,../../ava/subset/2805.jpg,0.0
1228,../../ava/subset/2807.jpg,0.0
1229,../../ava/subset/2808.jpg,0.0
1230,../../ava/subset/2809.jpg,0.0
1231,../../ava/subset/281.jpg,0.0
1232,../../ava/subset/2810.jpg,0.0
1233,../../ava/subset/2811.jpg,0.0
1234,../../ava/subset/2812.jpg,0.0
1235,../../ava/subset/2814.jpg,0.0
1236,../../ava/subset/2815.jpg,0.0
1237,../../ava/subset/2816.jpg,0.0
1238,../../ava/subset/2817.jpg,0.0
1239,../../ava/subset/2818.jpg,0.0
1240,../../ava/subset/2819.jpg,0.0
1241,../../ava/subset/282.jpg,0.0
1242,../../ava/subset/2820.jpg,0.0
1243,../../ava/subset/2822.jpg,0.0
1244,../../ava/subset/2823.jpg,0.0
1245,../../ava/subset/2828.jpg,0.0
1246,../../ava/subset/283.jpg,0.0
1247,../../ava/subset/2830.jpg,0.0
1248,../../ava/subset/2832.jpg,0.0
1249,../../ava/subset/2833.jpg,0.0
1250,../../ava/subset/2834.jpg,0.0
1251,../../ava/subset/2835.jpg,0.0
1252,../../ava/subset/2836.jpg,0.0
1253,../../ava/subset/2837.jpg,0.0
1254,../../ava/subset/2839.jpg,0.0
1255,../../ava/subset/284.jpg,0.0
1256,../../ava/subset/2840.jpg,0.0
1257,../../ava/subset/2843.jpg,0.0
1258,../../ava/subset/2847.jpg,0.0
1259,../../ava/subset/2848.jpg,0.0
1260,../../ava/subset/2849.jpg,0.0
1261,../../ava/subset/285.jpg,0.0
1262,../../ava/subset/2850.jpg,0.0
1263,../../ava/subset/2851.jpg,0.0
1264,../../ava/subset/2852.jpg,0.0
1265,../../ava/subset/2853.jpg,0.0
1266,../../ava/subset/2854.jpg,0.0
1267,../../ava/subset/2855.jpg,0.0
1268,../../ava/subset/2856.jpg,0.0
1269,../../ava/subset/2857.jpg,0.0
1270,../../ava/subset/2858.jpg,0.0
1271,../../ava/subset/2859.jpg,0.0
1272,../../ava/subset/286.jpg,0.0
1273,../../ava/subset/2863.jpg,0.0
1274,../../ava/subset/2864.jpg,0.0
1275,../../ava/subset/2866.jpg,0.0
1276,../../ava/subset/2867.jpg,0.0
1277,../../ava/subset/2869.jpg,0.0
1278,../../ava/subset/287.jpg,0.0
1279,../../ava/subset/2870.jpg,0.0
1280,../../ava/subset/2871.jpg,0.0
1281,../../ava/subset/2872.jpg,0.0
1282,../../ava/subset/2874.jpg,0.0
1283,../../ava/subset/2875.jpg,0.0
1284,../../ava/subset/2876.jpg,0.0
1285,../../ava/subset/2878.jpg,0.0
1286,../../ava/subset/2879.jpg,0.0
1287,../../ava/subset/288.jpg,0.0
1288,../../ava/subset/2880.jpg,0.0
1289,../../ava/subset/2882.jpg,0.0
1290,../../ava/subset/2883.jpg,0.0
1291,../../ava/subset/2884.jpg,0.0
1292,../../ava/subset/2885.jpg,0.0
1293,../../ava/subset/2886.jpg,0.0
1294,../../ava/subset/2888.jpg,0.0
1295,../../ava/subset/2889.jpg,0.0
1296,../../ava/subset/289.jpg,0.0
1297,../../ava/subset/2890.jpg,0.0
1298,../../ava/subset/2892.jpg,0.0
1299,../../ava/subset/2893.jpg,0.0
1300,../../ava/subset/2895.jpg,0.0
1301,../../ava/subset/2896.jpg,0.0
1302,../../ava/subset/290.jpg,0.0
1303,../../ava/subset/2901.jpg,0.0
1304,../../ava/subset/2902.jpg,0.0
1305,../../ava/subset/2904.jpg,0.0
1306,../../ava/subset/2905.jpg,0.0
1307,../../ava/subset/2906.jpg,0.0
1308,../../ava/subset/2907.jpg,0.0
1309,../../ava/subset/2908.jpg,0.0
1310,../../ava/subset/2909.jpg,0.0
1311,../../ava/subset/291.jpg,0.0
1312,../../ava/subset/2912.jpg,0.0
1313,../../ava/subset/2913.jpg,0.0
1314,../../ava/subset/2914.jpg,0.0
1315,../../ava/subset/2915.jpg,0.0
1316,../../ava/subset/2916.jpg,0.0
1317,../../ava/subset/2917.jpg,0.0
1318,../../ava/subset/2918.jpg,0.0
1319,../../ava/subset/2919.jpg,0.0
1320,../../ava/subset/2920.jpg,0.0
1321,../../ava/subset/2921.jpg,0.0
1322,../../ava/subset/2922.jpg,0.0
1323,../../ava/subset/2923.jpg,0.0
1324,../../ava/subset/2924.jpg,0.0
1325,../../ava/subset/2925.jpg,0.0
1326,../../ava/subset/2926.jpg,0.0
1327,../../ava/subset/2928.jpg,0.0
1328,../../ava/subset/2931.jpg,0.0
1329,../../ava/subset/2932.jpg,0.0
1330,../../ava/subset/2936.jpg,0.0
1331,../../ava/subset/2938.jpg,0.0
1332,../../ava/subset/2939.jpg,0.0
1333,../../ava/subset/294.jpg,0.0
1334,../../ava/subset/2940.jpg,0.0
1335,../../ava/subset/2941.jpg,0.0
1336,../../ava/subset/2944.jpg,0.0
1337,../../ava/subset/2945.jpg,0.0
1338,../../ava/subset/2946.jpg,0.0
1339,../../ava/subset/2947.jpg,0.0
1340,../../ava/subset/2948.jpg,0.0
1341,../../ava/subset/2949.jpg,0.0
1342,../../ava/subset/295.jpg,0.0
1343,../../ava/subset/2950.jpg,0.0
1344,../../ava/subset/2951.jpg,0.0
1345,../../ava/subset/2953.jpg,0.0
1346,../../ava/subset/2956.jpg,0.0
1347,../../ava/subset/2958.jpg,0.0
1348,../../ava/subset/2959.jpg,0.0
1349,../../ava/subset/296.jpg,0.0
1350,../../ava/subset/2961.jpg,0.0
1351,../../ava/subset/2963.jpg,0.0
1352,../../ava/subset/2965.jpg,0.0
1353,../../ava/subset/2966.jpg,0.0
1354,../../ava/subset/2967.jpg,0.0
1355,../../ava/subset/2969.jpg,0.0
1356,../../ava/subset/297.jpg,0.0
1357,../../ava/subset/2971.jpg,0.0
1358,../../ava/subset/2972.jpg,0.0
1359,../../ava/subset/2973.jpg,0.0
1360,../../ava/subset/2974.jpg,0.0
1361,../../ava/subset/2975.jpg,0.0
1362,../../ava/subset/2976.jpg,0.0
1363,../../ava/subset/2977.jpg,0.0
1364,../../ava/subset/2978.jpg,0.0
1365,../../ava/subset/2979.jpg,0.0
1366,../../ava/subset/298.jpg,0.0
1367,../../ava/subset/2980.jpg,0.0
1368,../../ava/subset/2981.jpg,0.0
1369,../../ava/subset/2982.jpg,0.0
1370,../../ava/subset/2983.jpg,0.0
1371,../../ava/subset/2984.jpg,0.0
1372,../../ava/subset/2985.jpg,0.0
1373,../../ava/subset/2986.jpg,0.0
1374,../../ava/subset/2987.jpg,0.0
1375,../../ava/subset/2988.jpg,0.0
1376,../../ava/subset/2989.jpg,0.0
1377,../../ava/subset/299.jpg,0.0
1378,../../ava/subset/2990.jpg,0.0
1379,../../ava/subset/2991.jpg,0.0
1380,../../ava/subset/2996.jpg,0.0
1381,../../ava/subset/2998.jpg,0.0
1382,../../ava/subset/300.jpg,0.0
1383,../../ava/subset/3000.jpg,0.0
1384,../../ava/subset/3003.jpg,0.0
1385,../../ava/subset/3006.jpg,0.0
1386,../../ava/subset/3008.jpg,0.0
1387,../../ava/subset/301.jpg,0.0
1388,../../ava/subset/3016.jpg,0.0
1389,../../ava/subset/3018.jpg,0.0
1390,../../ava/subset/302.jpg,0.0
1391,../../ava/subset/3020.jpg,0.0
1392,../../ava/subset/3021.jpg,0.0
1393,../../ava/subset/3022.jpg,0.0
1394,../../ava/subset/3023.jpg,0.0
1395,../../ava/subset/3026.jpg,0.0
1396,../../ava/subset/3027.jpg,0.0
1397,../../ava/subset/3028.jpg,0.0
1398,../../ava/subset/3029.jpg,0.0
1399,../../ava/subset/303.jpg,0.0
1400,../../ava/subset/3031.jpg,0.0
1401,../../ava/subset/3032.jpg,0.0
1402,../../ava/subset/3033.jpg,0.0
1403,../../ava/subset/3034.jpg,0.0
1404,../../ava/subset/3035.jpg,0.0
1405,../../ava/subset/3036.jpg,0.0
1406,../../ava/subset/3037.jpg,0.0
1407,../../ava/subset/304.jpg,0.0
1408,../../ava/subset/3040.jpg,0.0
1409,../../ava/subset/3041.jpg,0.0
1410,../../ava/subset/3042.jpg,0.0
1411,../../ava/subset/3043.jpg,0.0
1412,../../ava/subset/3044.jpg,0.0
1413,../../ava/subset/3045.jpg,0.0
1414,../../ava/subset/3048.jpg,0.0
1415,../../ava/subset/3049.jpg,0.0
1416,../../ava/subset/305.jpg,0.0
1417,../../ava/subset/3051.jpg,0.0
1418,../../ava/subset/3053.jpg,0.0
1419,../../ava/subset/3055.jpg,0.0
1420,../../ava/subset/3057.jpg,0.0
1421,../../ava/subset/3058.jpg,0.0
1422,../../ava/subset/306.jpg,0.0
1423,../../ava/subset/3061.jpg,0.0
1424,../../ava/subset/3062.jpg,0.0
1425,../../ava/subset/3063.jpg,0.0
1426,../../ava/subset/3064.jpg,0.0
1427,../../ava/subset/3065.jpg,0.0
1428,../../ava/subset/3067.jpg,0.0
1429,../../ava/subset/3069.jpg,0.0
1430,../../ava/subset/307.jpg,0.0
1431,../../ava/subset/3070.jpg,0.0
1432,../../ava/subset/3071.jpg,0.0
1433,../../ava/subset/3072.jpg,0.0
1434,../../ava/subset/3074.jpg,0.0
1435,../../ava/subset/3075.jpg,0.0
1436,../../ava/subset/3076.jpg,0.0
1437,../../ava/subset/3077.jpg,0.0
1438,../../ava/subset/3078.jpg,0.0
1439,../../ava/subset/3079.jpg,0.0
1440,../../ava/subset/308.jpg,0.0
1441,../../ava/subset/3081.jpg,0.0
1442,../../ava/subset/3082.jpg,0.0
1443,../../ava/subset/3083.jpg,0.0
1444,../../ava/subset/3084.jpg,0.0
1445,../../ava/subset/3086.jpg,0.0
1446,../../ava/subset/3087.jpg,0.0
1447,../../ava/subset/3088.jpg,0.0
1448,../../ava/subset/3089.jpg,0.0
1449,../../ava/subset/309.jpg,0.0
1450,../../ava/subset/3091.jpg,0.0
1451,../../ava/subset/3092.jpg,0.0
1452,../../ava/subset/3094.jpg,0.0
1453,../../ava/subset/3095.jpg,0.0
1454,../../ava/subset/3096.jpg,0.0
1455,../../ava/subset/3098.jpg,0.0
1456,../../ava/subset/310.jpg,0.0
1457,../../ava/subset/3100.jpg,0.0
1458,../../ava/subset/3101.jpg,0.0
1459,../../ava/subset/3102.jpg,0.0
1460,../../ava/subset/3103.jpg,0.0
1461,../../ava/subset/3104.jpg,0.0
1462,../../ava/subset/3105.jpg,0.0
1463,../../ava/subset/3106.jpg,0.0
1464,../../ava/subset/3107.jpg,0.0
1465,../../ava/subset/3109.jpg,0.0
1466,../../ava/subset/311.jpg,0.0
1467,../../ava/subset/3111.jpg,0.0
1468,../../ava/subset/3112.jpg,0.0
1469,../../ava/subset/3113.jpg,0.0
1470,../../ava/subset/3114.jpg,0.0
1471,../../ava/subset/3115.jpg,0.0
1472,../../ava/subset/3116.jpg,0.0
1473,../../ava/subset/3118.jpg,0.0
1474,../../ava/subset/3119.jpg,0.0
1475,../../ava/subset/3120.jpg,0.0
1476,../../ava/subset/3121.jpg,0.0
1477,../../ava/subset/3122.jpg,0.0
1478,../../ava/subset/3123.jpg,0.0
1479,../../ava/subset/3124.jpg,0.0
1480,../../ava/subset/3125.jpg,0.0
1481,../../ava/subset/3126.jpg,0.0
1482,../../ava/subset/3127.jpg,0.0
1483,../../ava/subset/3128.jpg,0.0
1484,../../ava/subset/3129.jpg,0.0
1485,../../ava/subset/313.jpg,0.0
1486,../../ava/subset/3130.jpg,0.0
1487,../../ava/subset/3131.jpg,0.0
1488,../../ava/subset/3132.jpg,0.0
1489,../../ava/subset/3133.jpg,0.0
1490,../../ava/subset/3134.jpg,0.0
1491,../../ava/subset/3136.jpg,0.0
1492,../../ava/subset/3138.jpg,0.0
1493,../../ava/subset/3139.jpg,0.0
1494,../../ava/subset/314.jpg,0.0
1495,../../ava/subset/3141.jpg,0.0
1496,../../ava/subset/3142.jpg,0.0
1497,../../ava/subset/3144.jpg,0.0
1498,../../ava/subset/3146.jpg,0.0
1499,../../ava/subset/3147.jpg,0.0
1500,../../ava/subset/3148.jpg,0.0
1501,../../ava/subset/315.jpg,0.0
1502,../../ava/subset/3151.jpg,0.0
1503,../../ava/subset/3154.jpg,0.0
1504,../../ava/subset/3155.jpg,0.0
1505,../../ava/subset/3158.jpg,0.0
1506,../../ava/subset/3166.jpg,0.0
1507,../../ava/subset/3167.jpg,0.0
1508,../../ava/subset/317.jpg,0.0
1509,../../ava/subset/3171.jpg,0.0
1510,../../ava/subset/3173.jpg,0.0
1511,../../ava/subset/3176.jpg,0.0
1512,../../ava/subset/3182.jpg,0.0
1513,../../ava/subset/3183.jpg,0.0
1514,../../ava/subset/3184.jpg,0.0
1515,../../ava/subset/3187.jpg,0.0
1516,../../ava/subset/3188.jpg,0.0
1517,../../ava/subset/319.jpg,0.0
1518,../../ava/subset/3192.jpg,0.0
1519,../../ava/subset/3194.jpg,0.0
1520,../../ava/subset/3196.jpg,0.0
1521,../../ava/subset/3197.jpg,0.0
1522,../../ava/subset/3198.jpg,0.0
1523,../../ava/subset/3199.jpg,0.0
1524,../../ava/subset/321.jpg,0.0
1525,../../ava/subset/3210.jpg,0.0
1526,../../ava/subset/3213.jpg,0.0
1527,../../ava/subset/3214.jpg,0.0
1528,../../ava/subset/3215.jpg,0.0
1529,../../ava/subset/3219.jpg,0.0
1530,../../ava/subset/322.jpg,0.0
1531,../../ava/subset/3220.jpg,0.0
1532,../../ava/subset/3221.jpg,0.0
1533,../../ava/subset/3223.jpg,0.0
1534,../../ava/subset/3226.jpg,0.0
1535,../../ava/subset/3228.jpg,0.0
1536,../../ava/subset/3229.jpg,0.0
1537,../../ava/subset/3230.jpg,0.0
1538,../../ava/subset/3232.jpg,0.0
1539,../../ava/subset/3233.jpg,0.0
1540,../../ava/subset/3234.jpg,0.0
1541,../../ava/subset/3235.jpg,0.0
1542,../../ava/subset/3237.jpg,0.0
1543,../../ava/subset/3239.jpg,0.0
1544,../../ava/subset/324.jpg,0.0
1545,../../ava/subset/3241.jpg,0.0
1546,../../ava/subset/325.jpg,0.0
1547,../../ava/subset/3253.jpg,0.0
1548,../../ava/subset/3254.jpg,0.0
1549,../../ava/subset/3255.jpg,0.0
1550,../../ava/subset/3256.jpg,0.0
1551,../../ava/subset/3257.jpg,0.0
1552,../../ava/subset/3258.jpg,0.0
1553,../../ava/subset/326.jpg,0.0
1554,../../ava/subset/3260.jpg,0.0
1555,../../ava/subset/3261.jpg,0.0
1556,../../ava/subset/3262.jpg,0.0
1557,../../ava/subset/3263.jpg,0.0
1558,../../ava/subset/3265.jpg,0.0
1559,../../ava/subset/3266.jpg,0.0
1560,../../ava/subset/3267.jpg,0.0
1561,../../ava/subset/3268.jpg,0.0
1562,../../ava/subset/327.jpg,0.0
1563,../../ava/subset/3272.jpg,0.0
1564,../../ava/subset/3273.jpg,0.0
1565,../../ava/subset/3275.jpg,0.0
1566,../../ava/subset/3276.jpg,0.0
1567,../../ava/subset/3277.jpg,0.0
1568,../../ava/subset/3280.jpg,0.0
1569,../../ava/subset/3282.jpg,0.0
1570,../../ava/subset/3284.jpg,0.0
1571,../../ava/subset/3285.jpg,0.0
1572,../../ava/subset/3286.jpg,0.0
1573,../../ava/subset/3287.jpg,0.0
1574,../../ava/subset/3288.jpg,0.0
1575,../../ava/subset/3289.jpg,0.0
1576,../../ava/subset/329.jpg,0.0
1577,../../ava/subset/3290.jpg,0.0
1578,../../ava/subset/3291.jpg,0.0
1579,../../ava/subset/3292.jpg,0.0
1580,../../ava/subset/3293.jpg,0.0
1581,../../ava/subset/3294.jpg,0.0
1582,../../ava/subset/3295.jpg,0.0
1583,../../ava/subset/3299.jpg,0.0
1584,../../ava/subset/330.jpg,0.0
1585,../../ava/subset/3304.jpg,0.0
1586,../../ava/subset/3307.jpg,0.0
1587,../../ava/subset/3308.jpg,0.0
1588,../../ava/subset/331.jpg,0.0
1589,../../ava/subset/3310.jpg,0.0
1590,../../ava/subset/3312.jpg,0.0
1591,../../ava/subset/3314.jpg,0.0
1592,../../ava/subset/3315.jpg,0.0
1593,../../ava/subset/3316.jpg,0.0
1594,../../ava/subset/3317.jpg,0.0
1595,../../ava/subset/3320.jpg,0.0
1596,../../ava/subset/3321.jpg,0.0
1597,../../ava/subset/3322.jpg,0.0
1598,../../ava/subset/3323.jpg,0.0
1599,../../ava/subset/3327.jpg,0.0
1600,../../ava/subset/3329.jpg,0.0
1601,../../ava/subset/333.jpg,0.0
1602,../../ava/subset/3330.jpg,0.0
1603,../../ava/subset/3331.jpg,0.0
1604,../../ava/subset/3332.jpg,0.0
1605,../../ava/subset/3333.jpg,0.0
1606,../../ava/subset/3335.jpg,0.0
1607,../../ava/subset/3336.jpg,0.0
1608,../../ava/subset/3337.jpg,0.0
1609,../../ava/subset/3338.jpg,0.0
1610,../../ava/subset/334.jpg,0.0
1611,../../ava/subset/3343.jpg,0.0
1612,../../ava/subset/3344.jpg,0.0
1613,../../ava/subset/3345.jpg,0.0
1614,../../ava/subset/3346.jpg,0.0
1615,../../ava/subset/3347.jpg,0.0
1616,../../ava/subset/3348.jpg,0.0
1617,../../ava/subset/3349.jpg,0.0
1618,../../ava/subset/3351.jpg,0.0
1619,../../ava/subset/3352.jpg,0.0
1620,../../ava/subset/3353.jpg,0.0
1621,../../ava/subset/3355.jpg,0.0
1622,../../ava/subset/3356.jpg,0.0
1623,../../ava/subset/3357.jpg,0.0
1624,../../ava/subset/3360.jpg,0.0
1625,../../ava/subset/3362.jpg,0.0
1626,../../ava/subset/3363.jpg,0.0
1627,../../ava/subset/3364.jpg,0.0
1628,../../ava/subset/3365.jpg,0.0
1629,../../ava/subset/3367.jpg,0.0
1630,../../ava/subset/337.jpg,0.0
1631,../../ava/subset/3372.jpg,0.0
1632,../../ava/subset/3374.jpg,0.0
1633,../../ava/subset/3377.jpg,0.0
1634,../../ava/subset/3379.jpg,0.0
1635,../../ava/subset/338.jpg,0.0
1636,../../ava/subset/3381.jpg,0.0
1637,../../ava/subset/3382.jpg,0.0
1638,../../ava/subset/3383.jpg,0.0
1639,../../ava/subset/3385.jpg,0.0
1640,../../ava/subset/3386.jpg,0.0
1641,../../ava/subset/3387.jpg,0.0
1642,../../ava/subset/3388.jpg,0.0
1643,../../ava/subset/3389.jpg,0.0
1644,../../ava/subset/3390.jpg,0.0
1645,../../ava/subset/3394.jpg,0.0
1646,../../ava/subset/3395.jpg,0.0
1647,../../ava/subset/3396.jpg,0.0
1648,../../ava/subset/3397.jpg,0.0
1649,../../ava/subset/3398.jpg,0.0
1650,../../ava/subset/340.jpg,0.0
1651,../../ava/subset/3400.jpg,0.0
1652,../../ava/subset/3402.jpg,0.0
1653,../../ava/subset/3403.jpg,0.0
1654,../../ava/subset/3404.jpg,0.0
1655,../../ava/subset/3405.jpg,0.0
1656,../../ava/subset/3406.jpg,0.0
1657,../../ava/subset/3407.jpg,0.0
1658,../../ava/subset/3408.jpg,0.0
1659,../../ava/subset/3409.jpg,0.0
1660,../../ava/subset/3410.jpg,0.0
1661,../../ava/subset/3411.jpg,0.0
1662,../../ava/subset/3413.jpg,0.0
1663,../../ava/subset/3414.jpg,0.0
1664,../../ava/subset/3415.jpg,0.0
1665,../../ava/subset/3416.jpg,0.0
1666,../../ava/subset/3417.jpg,0.0
1667,../../ava/subset/3418.jpg,0.0
1668,../../ava/subset/3419.jpg,0.0
1669,../../ava/subset/342.jpg,0.0
1670,../../ava/subset/3420.jpg,0.0
1671,../../ava/subset/3421.jpg,0.0
1672,../../ava/subset/3422.jpg,0.0
1673,../../ava/subset/3424.jpg,0.0
1674,../../ava/subset/3426.jpg,0.0
1675,../../ava/subset/3429.jpg,0.0
1676,../../ava/subset/3430.jpg,0.0
1677,../../ava/subset/3431.jpg,0.0
1678,../../ava/subset/3432.jpg,0.0
1679,../../ava/subset/3433.jpg,0.0
1680,../../ava/subset/3434.jpg,0.0
1681,../../ava/subset/3435.jpg,0.0
1682,../../ava/subset/3436.jpg,0.0
1683,../../ava/subset/3437.jpg,0.0
1684,../../ava/subset/3438.jpg,0.0
1685,../../ava/subset/3439.jpg,0.0
1686,../../ava/subset/344.jpg,0.0
1687,../../ava/subset/3440.jpg,0.0
1688,../../ava/subset/3442.jpg,0.0
1689,../../ava/subset/3443.jpg,0.0
1690,../../ava/subset/3444.jpg,0.0
1691,../../ava/subset/3445.jpg,0.0
1692,../../ava/subset/3446.jpg,0.0
1693,../../ava/subset/3447.jpg,0.0
1694,../../ava/subset/3448.jpg,0.0
1695,../../ava/subset/3453.jpg,0.0
1696,../../ava/subset/3454.jpg,0.0
1697,../../ava/subset/3455.jpg,0.0
1698,../../ava/subset/3457.jpg,0.0
1699,../../ava/subset/3458.jpg,0.0
1700,../../ava/subset/3459.jpg,0.0
1701,../../ava/subset/346.jpg,0.0
1702,../../ava/subset/3460.jpg,0.0
1703,../../ava/subset/3461.jpg,0.0
1704,../../ava/subset/3462.jpg,0.0
1705,../../ava/subset/3463.jpg,0.0
1706,../../ava/subset/3464.jpg,0.0
1707,../../ava/subset/3467.jpg,0.0
1708,../../ava/subset/3468.jpg,0.0
1709,../../ava/subset/3470.jpg,0.0
1710,../../ava/subset/3471.jpg,0.0
1711,../../ava/subset/3473.jpg,0.0
1712,../../ava/subset/3474.jpg,0.0
1713,../../ava/subset/3478.jpg,0.0
1714,../../ava/subset/3479.jpg,0.0
1715,../../ava/subset/3481.jpg,0.0
1716,../../ava/subset/3484.jpg,0.0
1717,../../ava/subset/3485.jpg,0.0
1718,../../ava/subset/3486.jpg,0.0
1719,../../ava/subset/3487.jpg,0.0
1720,../../ava/subset/3488.jpg,0.0
1721,../../ava/subset/350.jpg,0.0
1722,../../ava/subset/351.jpg,0.0
1723,../../ava/subset/355.jpg,0.0
1724,../../ava/subset/359.jpg,0.0
1725,../../ava/subset/361.jpg,0.0
1726,../../ava/subset/364.jpg,0.0
1727,../../ava/subset/365.jpg,0.0
1728,../../ava/subset/366.jpg,0.0
1729,../../ava/subset/368.jpg,0.0
1730,../../ava/subset/370.jpg,0.0
1731,../../ava/subset/371.jpg,0.0
1732,../../ava/subset/372.jpg,0.0
1733,../../ava/subset/374.jpg,0.0
1734,../../ava/subset/375.jpg,0.0
1735,../../ava/subset/376.jpg,0.0
1736,../../ava/subset/377.jpg,0.0
1737,../../ava/subset/378.jpg,0.0
1738,../../ava/subset/379.jpg,0.0
1739,../../ava/subset/380.jpg,0.0
1740,../../ava/subset/381.jpg,0.0
1741,../../ava/subset/382.jpg,0.0
1742,../../ava/subset/383.jpg,0.0
1743,../../ava/subset/384.jpg,0.0
1744,../../ava/subset/385.jpg,0.0
1745,../../ava/subset/386.jpg,0.0
1746,../../ava/subset/388.jpg,0.0
1747,../../ava/subset/389.jpg,0.0
1748,../../ava/subset/391.jpg,0.0
1749,../../ava/subset/392.jpg,0.0
1750,../../ava/subset/393.jpg,0.0
1751,../../ava/subset/394.jpg,0.0
1752,../../ava/subset/395.jpg,0.0
1753,../../ava/subset/397.jpg,0.0
1754,../../ava/subset/398.jpg,0.0
1755,../../ava/subset/399.jpg,0.0
1756,../../ava/subset/400.jpg,0.0
1757,../../ava/subset/401.jpg,0.0
1758,../../ava/subset/402.jpg,0.0
1759,../../ava/subset/403.jpg,0.0
1760,../../ava/subset/404.jpg,0.0
1761,../../ava/subset/405.jpg,0.0
1762,../../ava/subset/406.jpg,0.0
1763,../../ava/subset/407.jpg,0.0
1764,../../ava/subset/408.jpg,0.0
1765,../../ava/subset/409.jpg,0.0
1766,../../ava/subset/410.jpg,0.0
1767,../../ava/subset/411.jpg,0.0
1768,../../ava/subset/412.jpg,0.0
1769,../../ava/subset/413.jpg,0.0
1770,../../ava/subset/414.jpg,0.0
1771,../../ava/subset/417.jpg,0.0
1772,../../ava/subset/423.jpg,0.0
1773,../../ava/subset/425.jpg,0.0
1774,../../ava/subset/429.jpg,0.0
1775,../../ava/subset/430.jpg,0.0
1776,../../ava/subset/431.jpg,0.0
1777,../../ava/subset/432.jpg,0.0
1778,../../ava/subset/434.jpg,0.0
1779,../../ava/subset/438.jpg,0.0
1780,../../ava/subset/441.jpg,0.0
1781,../../ava/subset/442.jpg,0.0
1782,../../ava/subset/443.jpg,0.0
1783,../../ava/subset/444.jpg,0.0
1784,../../ava/subset/448.jpg,0.0
1785,../../ava/subset/449.jpg,0.0
1786,../../ava/subset/452.jpg,0.0
1787,../../ava/subset/453.jpg,0.0
1788,../../ava/subset/454.jpg,0.0
1789,../../ava/subset/455.jpg,0.0
1790,../../ava/subset/456.jpg,0.0
1791,../../ava/subset/457.jpg,0.0
1792,../../ava/subset/460.jpg,0.0
1793,../../ava/subset/461.jpg,0.0
1794,../../ava/subset/462.jpg,0.0
1795,../../ava/subset/465.jpg,0.0
1796,../../ava/subset/467.jpg,0.0
1797,../../ava/subset/469.jpg,0.0
1798,../../ava/subset/470.jpg,0.0
1799,../../ava/subset/471.jpg,0.0
1800,../../ava/subset/473.jpg,0.0
1801,../../ava/subset/478.jpg,0.0
1802,../../ava/subset/482.jpg,0.0
1803,../../ava/subset/483.jpg,0.0
1804,../../ava/subset/484.jpg,0.0
1805,../../ava/subset/485.jpg,0.0
1806,../../ava/subset/486.jpg,0.0
1807,../../ava/subset/487.jpg,0.0
1808,../../ava/subset/488.jpg,0.0
1809,../../ava/subset/489.jpg,0.0
1810,../../ava/subset/490.jpg,0.0
1811,../../ava/subset/492.jpg,0.0
1812,../../ava/subset/493.jpg,0.0
1813,../../ava/subset/494.jpg,0.0
1814,../../ava/subset/495.jpg,0.0
1815,../../ava/subset/496.jpg,0.0
1816,../../ava/subset/497.jpg,0.0
1817,../../ava/subset/498.jpg,0.0
1818,../../ava/subset/499.jpg,0.0
1819,../../ava/subset/500.jpg,0.0
1820,../../ava/subset/501.jpg,0.0
1821,../../ava/subset/502.jpg,0.0
1822,../../ava/subset/503.jpg,0.0
1823,../../ava/subset/505.jpg,0.0
1824,../../ava/subset/506.jpg,0.0
1825,../../ava/subset/507.jpg,0.0
1826,../../ava/subset/510.jpg,0.0
1827,../../ava/subset/513.jpg,0.0
1828,../../ava/subset/519.jpg,0.0
1829,../../ava/subset/521.jpg,0.0
1830,../../ava/subset/522.jpg,0.0
1831,../../ava/subset/523.jpg,0.0
1832,../../ava/subset/524.jpg,0.0
1833,../../ava/subset/525.jpg,0.0
1834,../../ava/subset/527.jpg,0.0
1835,../../ava/subset/528.jpg,0.0
1836,../../ava/subset/53.jpg,0.0
1837,../../ava/subset/530.jpg,0.0
1838,../../ava/subset/534.jpg,0.0
1839,../../ava/subset/535.jpg,0.0
1840,../../ava/subset/54.jpg,0.0
1841,../../ava/subset/540.jpg,0.0
1842,../../ava/subset/541.jpg,0.0
1843,../../ava/subset/542.jpg,0.0
1844,../../ava/subset/543.jpg,0.0
1845,../../ava/subset/547.jpg,0.0
1846,../../ava/subset/548.jpg,0.0
1847,../../ava/subset/549.jpg,0.0
1848,../../ava/subset/551.jpg,0.0
1849,../../ava/subset/552.jpg,0.0
1850,../../ava/subset/554.jpg,0.0
1851,../../ava/subset/555.jpg,0.0
1852,../../ava/subset/557.jpg,0.0
1853,../../ava/subset/558.jpg,0.0
1854,../../ava/subset/561.jpg,0.0
1855,../../ava/subset/562.jpg,0.0
1856,../../ava/subset/563.jpg,0.0
1857,../../ava/subset/570.jpg,0.0
1858,../../ava/subset/571.jpg,0.0
1859,../../ava/subset/572.jpg,0.0
1860,../../ava/subset/573.jpg,0.0
1861,../../ava/subset/574.jpg,0.0
1862,../../ava/subset/575.jpg,0.0
1863,../../ava/subset/576.jpg,0.0
1864,../../ava/subset/577.jpg,0.0
1865,../../ava/subset/579.jpg,0.0
1866,../../ava/subset/580.jpg,0.0
1867,../../ava/subset/581.jpg,0.0
1868,../../ava/subset/584.jpg,0.0
1869,../../ava/subset/585.jpg,0.0
1870,../../ava/subset/586.jpg,0.0
1871,../../ava/subset/588.jpg,0.0
1872,../../ava/subset/591.jpg,0.0
1873,../../ava/subset/594.jpg,0.0
1874,../../ava/subset/595.jpg,0.0
1875,../../ava/subset/596.jpg,0.0
1876,../../ava/subset/597.jpg,0.0
1877,../../ava/subset/598.jpg,0.0
1878,../../ava/subset/600.jpg,0.0
1879,../../ava/subset/601.jpg,0.0
1880,../../ava/subset/602.jpg,0.0
1881,../../ava/subset/603.jpg,0.0
1882,../../ava/subset/606.jpg,0.0
1883,../../ava/subset/608.jpg,0.0
1884,../../ava/subset/610.jpg,0.0
1885,../../ava/subset/612.jpg,0.0
1886,../../ava/subset/615.jpg,0.0
1887,../../ava/subset/616.jpg,0.0
1888,../../ava/subset/617.jpg,0.0
1889,../../ava/subset/618.jpg,0.0
1890,../../ava/subset/620.jpg,0.0
1891,../../ava/subset/621.jpg,0.0
1892,../../ava/subset/622.jpg,0.0
1893,../../ava/subset/623.jpg,0.0
1894,../../ava/subset/624.jpg,0.0
1895,../../ava/subset/637.jpg,0.0
1896,../../ava/subset/639.jpg,0.0
1897,../../ava/subset/644.jpg,0.0
1898,../../ava/subset/645.jpg,0.0
1899,../../ava/subset/646.jpg,0.0
1900,../../ava/subset/647.jpg,0.0
1901,../../ava/subset/648.jpg,0.0
1902,../../ava/subset/649.jpg,0.0
1903,../../ava/subset/650.jpg,0.0
1904,../../ava/subset/654.jpg,0.0
1905,../../ava/subset/655.jpg,0.0
1906,../../ava/subset/656.jpg,0.0
1907,../../ava/subset/657.jpg,0.0
1908,../../ava/subset/658.jpg,0.0
1909,../../ava/subset/66.jpg,0.0
1910,../../ava/subset/660.jpg,0.0
1911,../../ava/subset/662.jpg,0.0
1912,../../ava/subset/667.jpg,0.0
1913,../../ava/subset/668.jpg,0.0
1914,../../ava/subset/669.jpg,0.0
1915,../../ava/subset/670.jpg,0.0
1916,../../ava/subset/671.jpg,0.0
1917,../../ava/subset/673.jpg,0.0
1918,../../ava/subset/680.jpg,0.0
1919,../../ava/subset/681.jpg,0.0
1920,../../ava/subset/684.jpg,0.0
1921,../../ava/subset/69.jpg,0.0
1922,../../ava/subset/690.jpg,0.0
1923,../../ava/subset/695.jpg,0.0
1924,../../ava/subset/697.jpg,0.0
1925,../../ava/subset/70.jpg,0.0
1926,../../ava/subset/700.jpg,0.0
1927,../../ava/subset/704.jpg,0.0
1928,../../ava/subset/706.jpg,0.0
1929,../../ava/subset/71.jpg,0.0
1930,../../ava/subset/710.jpg,0.0
1931,../../ava/subset/712.jpg,0.0
1932,../../ava/subset/713.jpg,0.0
1933,../../ava/subset/715.jpg,0.0
1934,../../ava/subset/716.jpg,0.0
1935,../../ava/subset/717.jpg,0.0
1936,../../ava/subset/718.jpg,0.0
1937,../../ava/subset/722.jpg,0.0
1938,../../ava/subset/724.jpg,0.0
1939,../../ava/subset/726.jpg,0.0
1940,../../ava/subset/727.jpg,0.0
1941,../../ava/subset/728.jpg,0.0
1942,../../ava/subset/729.jpg,0.0
1943,../../ava/subset/730.jpg,0.0
1944,../../ava/subset/734.jpg,0.0
1945,../../ava/subset/735.jpg,0.0
1946,../../ava/subset/736.jpg,0.0
1947,../../ava/subset/738.jpg,0.0
1948,../../ava/subset/739.jpg,0.0
1949,../../ava/subset/743.jpg,0.0
1950,../../ava/subset/746.jpg,0.0
1951,../../ava/subset/747.jpg,0.0
1952,../../ava/subset/748.jpg,0.0
1953,../../ava/subset/749.jpg,0.0
1954,../../ava/subset/75.jpg,0.0
1955,../../ava/subset/755.jpg,0.0
1956,../../ava/subset/756.jpg,0.0
1957,../../ava/subset/757.jpg,0.0
1958,../../ava/subset/758.jpg,0.0
1959,../../ava/subset/759.jpg,0.0
1960,../../ava/subset/76.jpg,0.0
1961,../../ava/subset/760.jpg,0.0
1962,../../ava/subset/763.jpg,0.0
1963,../../ava/subset/764.jpg,0.0
1964,../../ava/subset/765.jpg,0.0
1965,../../ava/subset/766.jpg,0.0
1966,../../ava/subset/767.jpg,0.0
1967,../../ava/subset/77.jpg,0.0
1968,../../ava/subset/771.jpg,0.0
1969,../../ava/subset/772.jpg,0.0
1970,../../ava/subset/773.jpg,0.0
1971,../../ava/subset/774.jpg,0.0
1972,../../ava/subset/775.jpg,0.0
1973,../../ava/subset/776.jpg,0.0
1974,../../ava/subset/780.jpg,0.0
1975,../../ava/subset/781.jpg,0.0
1976,../../ava/subset/782.jpg,0.0
1977,../../ava/subset/783.jpg,0.0
1978,../../ava/subset/785.jpg,0.0
1979,../../ava/subset/786.jpg,0.0
1980,../../ava/subset/787.jpg,0.0
1981,../../ava/subset/788.jpg,0.0
1982,../../ava/subset/789.jpg,0.0
1983,../../ava/subset/790.jpg,0.0
1984,../../ava/subset/792.jpg,0.0
1985,../../ava/subset/793.jpg,0.0
1986,../../ava/subset/794.jpg,0.0
1987,../../ava/subset/795.jpg,0.0
1988,../../ava/subset/796.jpg,0.0
1989,../../ava/subset/797.jpg,0.0
1990,../../ava/subset/798.jpg,0.0
1991,../../ava/subset/801.jpg,0.0
1992,../../ava/subset/803.jpg,0.0
1993,../../ava/subset/805.jpg,0.0
1994,../../ava/subset/806.jpg,0.0
1995,../../ava/subset/813.jpg,0.0
1996,../../ava/subset/815.jpg,0.0
1997,../../ava/subset/818.jpg,0.0
1998,../../ava/subset/820.jpg,0.0
1999,../../ava/subset/821.jpg,0.0
2000,../../ava/subset/822.jpg,0.0
2001,../../ava/subset/823.jpg,0.0
2002,../../ava/subset/826.jpg,0.0
2003,../../ava/subset/827.jpg,0.0
2004,../../ava/subset/829.jpg,0.0
2005,../../ava/subset/831.jpg,0.0
2006,../../ava/subset/833.jpg,0.0
2007,../../ava/subset/834.jpg,0.0
2008,../../ava/subset/835.jpg,0.0
2009,../../ava/subset/836.jpg,0.0
2010,../../ava/subset/837.jpg,0.0
2011,../../ava/subset/838.jpg,0.0
2012,../../ava/subset/840.jpg,0.0
2013,../../ava/subset/841.jpg,0.0
2014,../../ava/subset/843.jpg,0.0
2015,../../ava/subset/844.jpg,0.0
2016,../../ava/subset/845.jpg,0.0
2017,../../ava/subset/846.jpg,0.0
2018,../../ava/subset/847.jpg,0.0
2019,../../ava/subset/848.jpg,0.0
2020,../../ava/subset/851.jpg,0.0
2021,../../ava/subset/852.jpg,0.0
2022,../../ava/subset/857.jpg,0.0
2023,../../ava/subset/858.jpg,0.0
2024,../../ava/subset/859.jpg,0.0
2025,../../ava/subset/861.jpg,0.0
2026,../../ava/subset/862.jpg,0.0
2027,../../ava/subset/865.jpg,0.0
2028,../../ava/subset/866.jpg,0.0
2029,../../ava/subset/868.jpg,0.0
2030,../../ava/subset/869.jpg,0.0
2031,../../ava/subset/87.jpg,0.0
2032,../../ava/subset/872.jpg,0.0
2033,../../ava/subset/873.jpg,0.0
2034,../../ava/subset/875.jpg,0.0
2035,../../ava/subset/876.jpg,0.0
2036,../../ava/subset/877.jpg,0.0
2037,../../ava/subset/879.jpg,0.0
2038,../../ava/subset/881.jpg,0.0
2039,../../ava/subset/882.jpg,0.0
2040,../../ava/subset/883.jpg,0.0
2041,../../ava/subset/884.jpg,0.0
2042,../../ava/subset/886.jpg,0.0
2043,../../ava/subset/887.jpg,0.0
2044,../../ava/subset/888.jpg,0.0
2045,../../ava/subset/889.jpg,0.0
2046,../../ava/subset/890.jpg,0.0
2047,../../ava/subset/893.jpg,0.0
2048,../../ava/subset/894.jpg,0.0
2049,../../ava/subset/896.jpg,0.0
2050,../../ava/subset/897.jpg,0.0
2051,../../ava/subset/899.jpg,0.0
2052,../../ava/subset/900.jpg,0.0
2053,../../ava/subset/901.jpg,0.0
2054,../../ava/subset/902.jpg,0.0
2055,../../ava/subset/903.jpg,0.0
2056,../../ava/subset/904.jpg,0.0
2057,../../ava/subset/912.jpg,0.0
2058,../../ava/subset/916.jpg,0.0
2059,../../ava/subset/917.jpg,0.0
2060,../../ava/subset/918.jpg,0.0
2061,../../ava/subset/919.jpg,0.0
2062,../../ava/subset/920.jpg,0.0
2063,../../ava/subset/921.jpg,0.0
2064,../../ava/subset/922.jpg,0.0
2065,../../ava/subset/923.jpg,0.0
2066,../../ava/subset/924.jpg,0.0
2067,../../ava/subset/925.jpg,0.0
2068,../../ava/subset/926.jpg,0.0
2069,../../ava/subset/927.jpg,0.0
2070,../../ava/subset/929.jpg,0.0
2071,../../ava/subset/930.jpg,0.0
2072,../../ava/subset/931.jpg,0.0
2073,../../ava/subset/932.jpg,0.0
2074,../../ava/subset/933.jpg,0.0
2075,../../ava/subset/935.jpg,0.0
2076,../../ava/subset/936.jpg,0.0
2077,../../ava/subset/938.jpg,0.0
2078,../../ava/subset/939.jpg,0.0
2079,../../ava/subset/941.jpg,0.0
2080,../../ava/subset/943.jpg,0.0
2081,../../ava/subset/944.jpg,0.0
2082,../../ava/subset/945.jpg,0.0
2083,../../ava/subset/946.jpg,0.0
2084,../../ava/subset/947.jpg,0.0
2085,../../ava/subset/949.jpg,0.0
2086,../../ava/subset/951.jpg,0.0
2087,../../ava/subset/953.jpg,0.0
2088,../../ava/subset/955.jpg,0.0
2089,../../ava/subset/956.jpg,0.0
2090,../../ava/subset/957.jpg,0.0
2091,../../ava/subset/959.jpg,0.0
2092,../../ava/subset/978.jpg,0.0
2093,../../ava/subset/979.jpg,0.0
2094,../../ava/subset/983.jpg,0.0
2095,../../ava/subset/989.jpg,0.0
2096,../../ava/subset/991.jpg,0.0
2097,../../ava/subset/996.jpg,0.0
2098,../../ava/subset/997.jpg,0.0
