,id_a,id_b,label
0,../../ava/subset/3463.jpg,../../ava/subset/2164.jpg,0.0
1,../../ava/subset/2164.jpg,../../ava/subset/747.jpg,1.0
2,../../ava/subset/2461.jpg,../../ava/subset/225.jpg,1.0
3,../../ava/subset/747.jpg,../../ava/subset/1280.jpg,0.0
4,../../ava/subset/771.jpg,../../ava/subset/3284.jpg,0.0
5,../../ava/subset/2408.jpg,../../ava/subset/225.jpg,1.0
6,../../ava/subset/1950.jpg,../../ava/subset/2576.jpg,1.0
7,../../ava/subset/346.jpg,../../ava/subset/1367.jpg,1.0
8,../../ava/subset/1748.jpg,../../ava/subset/3292.jpg,0.0
9,../../ava/subset/3284.jpg,../../ava/subset/2442.jpg,0.0
10,../../ava/subset/2019.jpg,../../ava/subset/469.jpg,0.0
11,../../ava/subset/2496.jpg,../../ava/subset/2333.jpg,0.0
12,../../ava/subset/2892.jpg,../../ava/subset/2576.jpg,0.0
13,../../ava/subset/432.jpg,../../ava/subset/2814.jpg,1.0
14,../../ava/subset/2859.jpg,../../ava/subset/1130.jpg,1.0
15,../../ava/subset/2973.jpg,../../ava/subset/2496.jpg,1.0
16,../../ava/subset/1354.jpg,../../ava/subset/1198.jpg,1.0
17,../../ava/subset/1214.jpg,../../ava/subset/1198.jpg,0.0
18,../../ava/subset/496.jpg,../../ava/subset/284.jpg,1.0
19,../../ava/subset/2408.jpg,../../ava/subset/1367.jpg,1.0
20,../../ava/subset/432.jpg,../../ava/subset/2904.jpg,1.0
21,../../ava/subset/747.jpg,../../ava/subset/2019.jpg,1.0
22,../../ava/subset/2973.jpg,../../ava/subset/1122.jpg,0.0
23,../../ava/subset/1130.jpg,../../ava/subset/902.jpg,0.0
24,../../ava/subset/2309.jpg,../../ava/subset/3292.jpg,0.0
25,../../ava/subset/1198.jpg,../../ava/subset/158.jpg,1.0
26,../../ava/subset/1142.jpg,../../ava/subset/695.jpg,1.0
27,../../ava/subset/2973.jpg,../../ava/subset/2382.jpg,1.0
28,../../ava/subset/1198.jpg,../../ava/subset/2892.jpg,1.0
29,../../ava/subset/706.jpg,../../ava/subset/486.jpg,0.0
30,../../ava/subset/2814.jpg,../../ava/subset/2496.jpg,1.0
31,../../ava/subset/429.jpg,../../ava/subset/1122.jpg,0.0
32,../../ava/subset/902.jpg,../../ava/subset/3463.jpg,1.0
33,../../ava/subset/2382.jpg,../../ava/subset/2453.jpg,0.0
34,../../ava/subset/368.jpg,../../ava/subset/2453.jpg,1.0
35,../../ava/subset/432.jpg,../../ava/subset/2814.jpg,1.0
36,../../ava/subset/496.jpg,../../ava/subset/1130.jpg,1.0
37,../../ava/subset/2879.jpg,../../ava/subset/2496.jpg,1.0
38,../../ava/subset/158.jpg,../../ava/subset/3406.jpg,1.0
39,../../ava/subset/2309.jpg,../../ava/subset/724.jpg,0.0
40,../../ava/subset/2461.jpg,../../ava/subset/3463.jpg,1.0
41,../../ava/subset/3406.jpg,../../ava/subset/2496.jpg,1.0
42,../../ava/subset/2309.jpg,../../ava/subset/1280.jpg,0.0
43,../../ava/subset/1130.jpg,../../ava/subset/747.jpg,0.0
44,../../ava/subset/2972.jpg,../../ava/subset/2442.jpg,0.0
45,../../ava/subset/1198.jpg,../../ava/subset/1130.jpg,1.0
46,../../ava/subset/902.jpg,../../ava/subset/3292.jpg,0.0
47,../../ava/subset/1280.jpg,../../ava/subset/1367.jpg,1.0
48,../../ava/subset/2972.jpg,../../ava/subset/469.jpg,0.0
49,../../ava/subset/2333.jpg,../../ava/subset/1142.jpg,0.0
50,../../ava/subset/1267.jpg,../../ava/subset/3292.jpg,1.0
51,../../ava/subset/496.jpg,../../ava/subset/2309.jpg,1.0
52,../../ava/subset/2408.jpg,../../ava/subset/902.jpg,1.0
53,../../ava/subset/1214.jpg,../../ava/subset/2333.jpg,1.0
54,../../ava/subset/496.jpg,../../ava/subset/2814.jpg,1.0
55,../../ava/subset/2408.jpg,../../ava/subset/1950.jpg,0.0
56,../../ava/subset/695.jpg,../../ava/subset/2042.jpg,0.0
57,../../ava/subset/2333.jpg,../../ava/subset/706.jpg,1.0
58,../../ava/subset/3406.jpg,../../ava/subset/1198.jpg,0.0
59,../../ava/subset/645.jpg,../../ava/subset/902.jpg,1.0
60,../../ava/subset/2904.jpg,../../ava/subset/429.jpg,1.0
61,../../ava/subset/747.jpg,../../ava/subset/284.jpg,0.0
62,../../ava/subset/432.jpg,../../ava/subset/1130.jpg,1.0
63,../../ava/subset/432.jpg,../../ava/subset/2442.jpg,1.0
64,../../ava/subset/1214.jpg,../../ava/subset/1541.jpg,1.0
65,../../ava/subset/432.jpg,../../ava/subset/2904.jpg,1.0
66,../../ava/subset/3020.jpg,../../ava/subset/346.jpg,1.0
67,../../ava/subset/432.jpg,../../ava/subset/2807.jpg,1.0
68,../../ava/subset/1214.jpg,../../ava/subset/2019.jpg,1.0
69,../../ava/subset/2807.jpg,../../ava/subset/1950.jpg,0.0
70,../../ava/subset/1214.jpg,../../ava/subset/2545.jpg,0.0
71,../../ava/subset/2309.jpg,../../ava/subset/2408.jpg,0.0
72,../../ava/subset/2904.jpg,../../ava/subset/773.jpg,0.0
73,../../ava/subset/2461.jpg,../../ava/subset/1354.jpg,0.0
74,../../ava/subset/368.jpg,../../ava/subset/1214.jpg,1.0
75,../../ava/subset/902.jpg,../../ava/subset/225.jpg,1.0
76,../../ava/subset/695.jpg,../../ava/subset/1214.jpg,1.0
77,../../ava/subset/2972.jpg,../../ava/subset/1354.jpg,0.0
78,../../ava/subset/469.jpg,../../ava/subset/2972.jpg,1.0
79,../../ava/subset/1650.jpg,../../ava/subset/1950.jpg,0.0
80,../../ava/subset/2042.jpg,../../ava/subset/2461.jpg,0.0
81,../../ava/subset/1541.jpg,../../ava/subset/771.jpg,1.0
82,../../ava/subset/706.jpg,../../ava/subset/1267.jpg,0.0
83,../../ava/subset/695.jpg,../../ava/subset/2453.jpg,0.0
84,../../ava/subset/2453.jpg,../../ava/subset/2442.jpg,0.0
85,../../ava/subset/2904.jpg,../../ava/subset/1130.jpg,1.0
86,../../ava/subset/3020.jpg,../../ava/subset/3284.jpg,1.0
87,../../ava/subset/1367.jpg,../../ava/subset/158.jpg,1.0
88,../../ava/subset/284.jpg,../../ava/subset/773.jpg,0.0
89,../../ava/subset/724.jpg,../../ava/subset/1800.jpg,1.0
90,../../ava/subset/496.jpg,../../ava/subset/346.jpg,1.0
91,../../ava/subset/1367.jpg,../../ava/subset/346.jpg,0.0
92,../../ava/subset/695.jpg,../../ava/subset/2042.jpg,0.0
93,../../ava/subset/1541.jpg,../../ava/subset/1800.jpg,1.0
94,../../ava/subset/747.jpg,../../ava/subset/346.jpg,0.0
95,../../ava/subset/469.jpg,../../ava/subset/486.jpg,1.0
96,../../ava/subset/2333.jpg,../../ava/subset/2382.jpg,1.0
97,../../ava/subset/2042.jpg,../../ava/subset/1367.jpg,1.0
98,../../ava/subset/3292.jpg,../../ava/subset/1650.jpg,1.0
99,../../ava/subset/706.jpg,../../ava/subset/432.jpg,0.0
100,../../ava/subset/3284.jpg,../../ava/subset/3292.jpg,1.0
101,../../ava/subset/1800.jpg,../../ava/subset/2973.jpg,0.0
102,../../ava/subset/3406.jpg,../../ava/subset/2019.jpg,0.0
103,../../ava/subset/902.jpg,../../ava/subset/1354.jpg,0.0
104,../../ava/subset/432.jpg,../../ava/subset/2879.jpg,1.0
105,../../ava/subset/902.jpg,../../ava/subset/2164.jpg,0.0
106,../../ava/subset/432.jpg,../../ava/subset/469.jpg,1.0
107,../../ava/subset/1122.jpg,../../ava/subset/432.jpg,0.0
108,../../ava/subset/2807.jpg,../../ava/subset/2442.jpg,0.0
109,../../ava/subset/2972.jpg,../../ava/subset/368.jpg,0.0
110,../../ava/subset/1748.jpg,../../ava/subset/284.jpg,0.0
111,../../ava/subset/2496.jpg,../../ava/subset/368.jpg,0.0
112,../../ava/subset/747.jpg,../../ava/subset/3463.jpg,1.0
113,../../ava/subset/2333.jpg,../../ava/subset/2807.jpg,1.0
114,../../ava/subset/902.jpg,../../ava/subset/3292.jpg,0.0
115,../../ava/subset/724.jpg,../../ava/subset/2892.jpg,1.0
116,../../ava/subset/2814.jpg,../../ava/subset/2461.jpg,0.0
117,../../ava/subset/2408.jpg,../../ava/subset/1748.jpg,1.0
118,../../ava/subset/2668.jpg,../../ava/subset/493.jpg,1.0
119,../../ava/subset/2732.jpg,../../ava/subset/1142.jpg,0.0
120,../../ava/subset/1129.jpg,../../ava/subset/2209.jpg,1.0
121,../../ava/subset/2766.jpg,../../ava/subset/3338.jpg,0.0
122,../../ava/subset/2626.jpg,../../ava/subset/2732.jpg,1.0
123,../../ava/subset/1621.jpg,../../ava/subset/2729.jpg,0.0
124,../../ava/subset/2732.jpg,../../ava/subset/3338.jpg,0.0
125,../../ava/subset/2766.jpg,../../ava/subset/2667.jpg,0.0
126,../../ava/subset/2729.jpg,../../ava/subset/3338.jpg,0.0
127,../../ava/subset/3267.jpg,../../ava/subset/2864.jpg,0.0
128,../../ava/subset/2864.jpg,../../ava/subset/1142.jpg,0.0
129,../../ava/subset/2667.jpg,../../ava/subset/3338.jpg,1.0
130,../../ava/subset/595.jpg,../../ava/subset/1142.jpg,0.0
131,../../ava/subset/2209.jpg,../../ava/subset/2766.jpg,1.0
132,../../ava/subset/2766.jpg,../../ava/subset/3338.jpg,0.0
133,../../ava/subset/2732.jpg,../../ava/subset/2668.jpg,0.0
134,../../ava/subset/3267.jpg,../../ava/subset/595.jpg,1.0
135,../../ava/subset/2766.jpg,../../ava/subset/1129.jpg,0.0
136,../../ava/subset/1129.jpg,../../ava/subset/2766.jpg,1.0
137,../../ava/subset/3338.jpg,../../ava/subset/2864.jpg,0.0
138,../../ava/subset/3267.jpg,../../ava/subset/493.jpg,1.0
139,../../ava/subset/2626.jpg,../../ava/subset/493.jpg,1.0
140,../../ava/subset/493.jpg,../../ava/subset/2347.jpg,0.0
141,../../ava/subset/2347.jpg,../../ava/subset/2729.jpg,0.0
142,../../ava/subset/2732.jpg,../../ava/subset/1621.jpg,1.0
143,../../ava/subset/2732.jpg,../../ava/subset/1621.jpg,1.0
144,../../ava/subset/1604.jpg,../../ava/subset/2668.jpg,1.0
145,../../ava/subset/1129.jpg,../../ava/subset/3020.jpg,1.0
146,../../ava/subset/2667.jpg,../../ava/subset/1604.jpg,1.0
147,../../ava/subset/2729.jpg,../../ava/subset/3020.jpg,0.0
148,../../ava/subset/2626.jpg,../../ava/subset/2732.jpg,1.0
149,../../ava/subset/2347.jpg,../../ava/subset/2766.jpg,0.0
150,../../ava/subset/3267.jpg,../../ava/subset/2766.jpg,1.0
151,../../ava/subset/2626.jpg,../../ava/subset/2732.jpg,1.0
152,../../ava/subset/1142.jpg,../../ava/subset/2347.jpg,1.0
153,../../ava/subset/3338.jpg,../../ava/subset/2668.jpg,1.0
154,../../ava/subset/1935.jpg,../../ava/subset/2854.jpg,0.0
155,../../ava/subset/1468.jpg,../../ava/subset/2854.jpg,0.0
156,../../ava/subset/2854.jpg,../../ava/subset/1935.jpg,1.0
157,../../ava/subset/306.jpg,../../ava/subset/2854.jpg,1.0
158,../../ava/subset/2854.jpg,../../ava/subset/306.jpg,0.0
159,../../ava/subset/2854.jpg,../../ava/subset/1468.jpg,1.0
160,../../ava/subset/1468.jpg,../../ava/subset/306.jpg,0.0
161,../../ava/subset/2854.jpg,../../ava/subset/1935.jpg,1.0
162,../../ava/subset/2876.jpg,../../ava/subset/327.jpg,0.0
163,../../ava/subset/1566.jpg,../../ava/subset/2876.jpg,1.0
164,../../ava/subset/1566.jpg,../../ava/subset/327.jpg,1.0
165,../../ava/subset/1584.jpg,../../ava/subset/1905.jpg,1.0
166,../../ava/subset/3424.jpg,../../ava/subset/1809.jpg,1.0
167,../../ava/subset/1584.jpg,../../ava/subset/1109.jpg,1.0
168,../../ava/subset/2753.jpg,../../ava/subset/1583.jpg,0.0
169,../../ava/subset/2041.jpg,../../ava/subset/2906.jpg,1.0
170,../../ava/subset/1818.jpg,../../ava/subset/2876.jpg,1.0
171,../../ava/subset/1809.jpg,../../ava/subset/1583.jpg,0.0
172,../../ava/subset/2906.jpg,../../ava/subset/1809.jpg,0.0
173,../../ava/subset/2041.jpg,../../ava/subset/2906.jpg,1.0
174,../../ava/subset/1809.jpg,../../ava/subset/1584.jpg,0.0
175,../../ava/subset/2041.jpg,../../ava/subset/1109.jpg,1.0
176,../../ava/subset/1584.jpg,../../ava/subset/1109.jpg,1.0
177,../../ava/subset/1584.jpg,../../ava/subset/1583.jpg,1.0
178,../../ava/subset/1583.jpg,../../ava/subset/1109.jpg,1.0
179,../../ava/subset/2876.jpg,../../ava/subset/2041.jpg,0.0
180,../../ava/subset/1109.jpg,../../ava/subset/2753.jpg,0.0
181,../../ava/subset/1905.jpg,../../ava/subset/2041.jpg,1.0
182,../../ava/subset/1109.jpg,../../ava/subset/1818.jpg,0.0
183,../../ava/subset/2876.jpg,../../ava/subset/1566.jpg,0.0
184,../../ava/subset/3424.jpg,../../ava/subset/1584.jpg,0.0
185,../../ava/subset/1818.jpg,../../ava/subset/2041.jpg,1.0
186,../../ava/subset/1109.jpg,../../ava/subset/327.jpg,0.0
187,../../ava/subset/3424.jpg,../../ava/subset/1818.jpg,1.0
188,../../ava/subset/1818.jpg,../../ava/subset/2876.jpg,1.0
189,../../ava/subset/3424.jpg,../../ava/subset/2906.jpg,1.0
190,../../ava/subset/927.jpg,../../ava/subset/624.jpg,0.0
191,../../ava/subset/624.jpg,../../ava/subset/1109.jpg,1.0
192,../../ava/subset/2895.jpg,../../ava/subset/1558.jpg,1.0
193,../../ava/subset/1650.jpg,../../ava/subset/1651.jpg,0.0
194,../../ava/subset/2855.jpg,../../ava/subset/1695.jpg,0.0
195,../../ava/subset/1384.jpg,../../ava/subset/10016.jpg,0.0
196,../../ava/subset/1650.jpg,../../ava/subset/2876.jpg,0.0
197,../../ava/subset/3075.jpg,../../ava/subset/1695.jpg,0.0
198,../../ava/subset/2895.jpg,../../ava/subset/10014.jpg,0.0
199,../../ava/subset/1695.jpg,../../ava/subset/355.jpg,0.0
200,../../ava/subset/3075.jpg,../../ava/subset/370.jpg,0.0
201,../../ava/subset/385.jpg,../../ava/subset/1760.jpg,0.0
202,../../ava/subset/1695.jpg,../../ava/subset/3314.jpg,1.0
203,../../ava/subset/1288.jpg,../../ava/subset/1695.jpg,1.0
204,../../ava/subset/1422.jpg,../../ava/subset/1760.jpg,0.0
205,../../ava/subset/355.jpg,../../ava/subset/1760.jpg,1.0
206,../../ava/subset/3075.jpg,../../ava/subset/10016.jpg,1.0
207,../../ava/subset/1591.jpg,../../ava/subset/385.jpg,0.0
208,../../ava/subset/10016.jpg,../../ava/subset/3314.jpg,0.0
209,../../ava/subset/888.jpg,../../ava/subset/3314.jpg,0.0
210,../../ava/subset/1650.jpg,../../ava/subset/1558.jpg,1.0
211,../../ava/subset/355.jpg,../../ava/subset/2374.jpg,1.0
212,../../ava/subset/3075.jpg,../../ava/subset/1650.jpg,1.0
213,../../ava/subset/3314.jpg,../../ava/subset/888.jpg,1.0
214,../../ava/subset/1288.jpg,../../ava/subset/3075.jpg,1.0
215,../../ava/subset/355.jpg,../../ava/subset/1695.jpg,1.0
216,../../ava/subset/2855.jpg,../../ava/subset/1651.jpg,0.0
217,../../ava/subset/2895.jpg,../../ava/subset/1650.jpg,1.0
218,../../ava/subset/1591.jpg,../../ava/subset/1327.jpg,0.0
219,../../ava/subset/1650.jpg,../../ava/subset/2636.jpg,0.0
220,../../ava/subset/1651.jpg,../../ava/subset/1650.jpg,1.0
221,../../ava/subset/2636.jpg,../../ava/subset/457.jpg,1.0
222,../../ava/subset/1650.jpg,../../ava/subset/2758.jpg,0.0
223,../../ava/subset/1760.jpg,../../ava/subset/1288.jpg,0.0
224,../../ava/subset/355.jpg,../../ava/subset/2758.jpg,1.0
225,../../ava/subset/3075.jpg,../../ava/subset/1569.jpg,0.0
226,../../ava/subset/2895.jpg,../../ava/subset/1327.jpg,1.0
227,../../ava/subset/2374.jpg,../../ava/subset/10016.jpg,0.0
228,../../ava/subset/1583.jpg,../../ava/subset/1486.jpg,1.0
229,../../ava/subset/1583.jpg,../../ava/subset/355.jpg,0.0
230,../../ava/subset/1695.jpg,../../ava/subset/1384.jpg,1.0
231,../../ava/subset/2876.jpg,../../ava/subset/457.jpg,0.0
232,../../ava/subset/1288.jpg,../../ava/subset/1327.jpg,1.0
233,../../ava/subset/385.jpg,../../ava/subset/2758.jpg,0.0
234,../../ava/subset/888.jpg,../../ava/subset/355.jpg,0.0
235,../../ava/subset/10016.jpg,../../ava/subset/370.jpg,0.0
236,../../ava/subset/3314.jpg,../../ava/subset/1486.jpg,1.0
237,../../ava/subset/2758.jpg,../../ava/subset/385.jpg,1.0
238,../../ava/subset/2895.jpg,../../ava/subset/2876.jpg,1.0
239,../../ava/subset/1760.jpg,../../ava/subset/1591.jpg,1.0
240,../../ava/subset/2855.jpg,../../ava/subset/1558.jpg,1.0
241,../../ava/subset/2374.jpg,../../ava/subset/2876.jpg,0.0
242,../../ava/subset/1558.jpg,../../ava/subset/1327.jpg,0.0
243,../../ava/subset/385.jpg,../../ava/subset/1760.jpg,0.0
244,../../ava/subset/1651.jpg,../../ava/subset/2855.jpg,1.0
245,../../ava/subset/1651.jpg,../../ava/subset/1384.jpg,1.0
246,../../ava/subset/3314.jpg,../../ava/subset/1569.jpg,1.0
247,../../ava/subset/1651.jpg,../../ava/subset/1569.jpg,1.0
248,../../ava/subset/2636.jpg,../../ava/subset/10016.jpg,1.0
249,../../ava/subset/2876.jpg,../../ava/subset/917.jpg,1.0
250,../../ava/subset/1327.jpg,../../ava/subset/917.jpg,0.0
251,../../ava/subset/2700.jpg,../../ava/subset/1591.jpg,1.0
252,../../ava/subset/3411.jpg,../../ava/subset/2449.jpg,0.0
253,../../ava/subset/2561.jpg,../../ava/subset/3411.jpg,1.0
254,../../ava/subset/3411.jpg,../../ava/subset/2561.jpg,0.0
255,../../ava/subset/2561.jpg,../../ava/subset/2449.jpg,0.0
256,../../ava/subset/2561.jpg,../../ava/subset/2449.jpg,0.0
257,../../ava/subset/2561.jpg,../../ava/subset/3411.jpg,1.0
258,../../ava/subset/2694.jpg,../../ava/subset/2818.jpg,0.0
259,../../ava/subset/1732.jpg,../../ava/subset/3064.jpg,0.0
260,../../ava/subset/1299.jpg,../../ava/subset/469.jpg,0.0
261,../../ava/subset/1664.jpg,../../ava/subset/1299.jpg,1.0
262,../../ava/subset/597.jpg,../../ava/subset/275.jpg,0.0
263,../../ava/subset/275.jpg,../../ava/subset/2818.jpg,1.0
264,../../ava/subset/3064.jpg,../../ava/subset/1732.jpg,1.0
265,../../ava/subset/75.jpg,../../ava/subset/1732.jpg,1.0
266,../../ava/subset/1269.jpg,../../ava/subset/75.jpg,0.0
267,../../ava/subset/3253.jpg,../../ava/subset/3196.jpg,0.0
268,../../ava/subset/2694.jpg,../../ava/subset/1664.jpg,0.0
269,../../ava/subset/3253.jpg,../../ava/subset/3061.jpg,0.0
270,../../ava/subset/1249.jpg,../../ava/subset/1280.jpg,0.0
271,../../ava/subset/469.jpg,../../ava/subset/1249.jpg,1.0
272,../../ava/subset/75.jpg,../../ava/subset/3286.jpg,1.0
273,../../ava/subset/469.jpg,../../ava/subset/3064.jpg,1.0
274,../../ava/subset/1280.jpg,../../ava/subset/75.jpg,1.0
275,../../ava/subset/3064.jpg,../../ava/subset/3286.jpg,1.0
276,../../ava/subset/955.jpg,../../ava/subset/1249.jpg,1.0
277,../../ava/subset/3353.jpg,../../ava/subset/1923.jpg,0.0
278,../../ava/subset/3286.jpg,../../ava/subset/1123.jpg,0.0
279,../../ava/subset/469.jpg,../../ava/subset/1299.jpg,1.0
280,../../ava/subset/1123.jpg,../../ava/subset/3064.jpg,0.0
281,../../ava/subset/3353.jpg,../../ava/subset/1249.jpg,0.0
282,../../ava/subset/1923.jpg,../../ava/subset/3448.jpg,1.0
283,../../ava/subset/1280.jpg,../../ava/subset/3061.jpg,1.0
284,../../ava/subset/1123.jpg,../../ava/subset/1280.jpg,0.0
285,../../ava/subset/3353.jpg,../../ava/subset/3064.jpg,0.0
286,../../ava/subset/469.jpg,../../ava/subset/1732.jpg,1.0
287,../../ava/subset/3353.jpg,../../ava/subset/1732.jpg,0.0
288,../../ava/subset/275.jpg,../../ava/subset/3196.jpg,1.0
289,../../ava/subset/469.jpg,../../ava/subset/594.jpg,0.0
290,../../ava/subset/3064.jpg,../../ava/subset/75.jpg,0.0
291,../../ava/subset/1269.jpg,../../ava/subset/3061.jpg,0.0
292,../../ava/subset/1299.jpg,../../ava/subset/594.jpg,0.0
293,../../ava/subset/469.jpg,../../ava/subset/3286.jpg,1.0
294,../../ava/subset/1123.jpg,../../ava/subset/3061.jpg,0.0
295,../../ava/subset/469.jpg,../../ava/subset/1269.jpg,1.0
296,../../ava/subset/1123.jpg,../../ava/subset/1923.jpg,0.0
297,../../ava/subset/1269.jpg,../../ava/subset/955.jpg,0.0
298,../../ava/subset/3286.jpg,../../ava/subset/594.jpg,0.0
299,../../ava/subset/3061.jpg,../../ava/subset/1269.jpg,1.0
300,../../ava/subset/2694.jpg,../../ava/subset/469.jpg,0.0
301,../../ava/subset/1923.jpg,../../ava/subset/1280.jpg,0.0
302,../../ava/subset/1664.jpg,../../ava/subset/594.jpg,0.0
303,../../ava/subset/3448.jpg,../../ava/subset/3253.jpg,0.0
304,../../ava/subset/409.jpg,../../ava/subset/2664.jpg,1.0
305,../../ava/subset/581.jpg,../../ava/subset/829.jpg,0.0
306,../../ava/subset/3032.jpg,../../ava/subset/2700.jpg,1.0
307,../../ava/subset/3032.jpg,../../ava/subset/1427.jpg,1.0
308,../../ava/subset/2664.jpg,../../ava/subset/1850.jpg,1.0
309,../../ava/subset/829.jpg,../../ava/subset/1427.jpg,0.0
310,../../ava/subset/2664.jpg,../../ava/subset/1779.jpg,1.0
311,../../ava/subset/406.jpg,../../ava/subset/1427.jpg,1.0
312,../../ava/subset/829.jpg,../../ava/subset/2700.jpg,1.0
313,../../ava/subset/2700.jpg,../../ava/subset/1850.jpg,0.0
314,../../ava/subset/3032.jpg,../../ava/subset/2700.jpg,1.0
315,../../ava/subset/829.jpg,../../ava/subset/274.jpg,0.0
316,../../ava/subset/274.jpg,../../ava/subset/1427.jpg,1.0
317,../../ava/subset/829.jpg,../../ava/subset/2722.jpg,1.0
318,../../ava/subset/581.jpg,../../ava/subset/2700.jpg,0.0
319,../../ava/subset/2722.jpg,../../ava/subset/274.jpg,0.0
320,../../ava/subset/2711.jpg,../../ava/subset/3032.jpg,0.0
321,../../ava/subset/2722.jpg,../../ava/subset/1850.jpg,0.0
322,../../ava/subset/1779.jpg,../../ava/subset/409.jpg,0.0
323,../../ava/subset/3032.jpg,../../ava/subset/406.jpg,1.0
324,../../ava/subset/409.jpg,../../ava/subset/581.jpg,1.0
325,../../ava/subset/406.jpg,../../ava/subset/1850.jpg,1.0
326,../../ava/subset/829.jpg,../../ava/subset/406.jpg,0.0
327,../../ava/subset/1850.jpg,../../ava/subset/581.jpg,1.0
328,../../ava/subset/3032.jpg,../../ava/subset/409.jpg,0.0
329,../../ava/subset/406.jpg,../../ava/subset/3032.jpg,0.0
330,../../ava/subset/939.jpg,../../ava/subset/1819.jpg,1.0
331,../../ava/subset/1725.jpg,../../ava/subset/1812.jpg,0.0
332,../../ava/subset/2599.jpg,../../ava/subset/722.jpg,1.0
333,../../ava/subset/2599.jpg,../../ava/subset/1941.jpg,0.0
334,../../ava/subset/2599.jpg,../../ava/subset/1744.jpg,1.0
335,../../ava/subset/722.jpg,../../ava/subset/1819.jpg,0.0
336,../../ava/subset/3094.jpg,../../ava/subset/939.jpg,1.0
337,../../ava/subset/1774.jpg,../../ava/subset/1727.jpg,1.0
338,../../ava/subset/1941.jpg,../../ava/subset/1569.jpg,1.0
339,../../ava/subset/1569.jpg,../../ava/subset/1812.jpg,1.0
340,../../ava/subset/1267.jpg,../../ava/subset/1725.jpg,1.0
341,../../ava/subset/106.jpg,../../ava/subset/1725.jpg,0.0
342,../../ava/subset/3094.jpg,../../ava/subset/106.jpg,1.0
343,../../ava/subset/2599.jpg,../../ava/subset/1819.jpg,1.0
344,../../ava/subset/1569.jpg,../../ava/subset/1819.jpg,1.0
345,../../ava/subset/1744.jpg,../../ava/subset/1732.jpg,0.0
346,../../ava/subset/1267.jpg,../../ava/subset/1727.jpg,1.0
347,../../ava/subset/1728.jpg,../../ava/subset/939.jpg,1.0
348,../../ava/subset/1744.jpg,../../ava/subset/1725.jpg,0.0
349,../../ava/subset/1812.jpg,../../ava/subset/1744.jpg,1.0
350,../../ava/subset/1732.jpg,../../ava/subset/1941.jpg,0.0
351,../../ava/subset/722.jpg,../../ava/subset/1774.jpg,0.0
352,../../ava/subset/722.jpg,../../ava/subset/939.jpg,0.0
353,../../ava/subset/106.jpg,../../ava/subset/1774.jpg,0.0
354,../../ava/subset/1941.jpg,../../ava/subset/1569.jpg,1.0
355,../../ava/subset/722.jpg,../../ava/subset/1267.jpg,0.0
356,../../ava/subset/2599.jpg,../../ava/subset/1819.jpg,1.0
357,../../ava/subset/1774.jpg,../../ava/subset/1249.jpg,1.0
358,../../ava/subset/1249.jpg,../../ava/subset/1941.jpg,0.0
359,../../ava/subset/1732.jpg,../../ava/subset/1728.jpg,0.0
360,../../ava/subset/1744.jpg,../../ava/subset/1725.jpg,0.0
361,../../ava/subset/1744.jpg,../../ava/subset/722.jpg,0.0
362,../../ava/subset/1744.jpg,../../ava/subset/1728.jpg,0.0
363,../../ava/subset/1732.jpg,../../ava/subset/939.jpg,0.0
364,../../ava/subset/2746.jpg,../../ava/subset/503.jpg,1.0
365,../../ava/subset/2705.jpg,../../ava/subset/796.jpg,0.0
366,../../ava/subset/71.jpg,../../ava/subset/1218.jpg,0.0
367,../../ava/subset/978.jpg,../../ava/subset/503.jpg,0.0
368,../../ava/subset/503.jpg,../../ava/subset/2705.jpg,1.0
369,../../ava/subset/1162.jpg,../../ava/subset/71.jpg,1.0
370,../../ava/subset/2685.jpg,../../ava/subset/2347.jpg,1.0
371,../../ava/subset/1162.jpg,../../ava/subset/1297.jpg,0.0
372,../../ava/subset/2711.jpg,../../ava/subset/1297.jpg,0.0
373,../../ava/subset/1162.jpg,../../ava/subset/503.jpg,1.0
374,../../ava/subset/503.jpg,../../ava/subset/2685.jpg,0.0
375,../../ava/subset/1218.jpg,../../ava/subset/2746.jpg,1.0
376,../../ava/subset/2347.jpg,../../ava/subset/1004.jpg,0.0
377,../../ava/subset/2711.jpg,../../ava/subset/1297.jpg,0.0
378,../../ava/subset/796.jpg,../../ava/subset/1124.jpg,1.0
379,../../ava/subset/2314.jpg,../../ava/subset/2664.jpg,0.0
380,../../ava/subset/2663.jpg,../../ava/subset/1162.jpg,0.0
381,../../ava/subset/2711.jpg,../../ava/subset/1162.jpg,0.0
382,../../ava/subset/2663.jpg,../../ava/subset/1162.jpg,0.0
383,../../ava/subset/2746.jpg,../../ava/subset/1297.jpg,0.0
384,../../ava/subset/2685.jpg,../../ava/subset/2664.jpg,1.0
385,../../ava/subset/2685.jpg,../../ava/subset/2711.jpg,0.0
386,../../ava/subset/2347.jpg,../../ava/subset/796.jpg,0.0
387,../../ava/subset/1297.jpg,../../ava/subset/2663.jpg,1.0
388,../../ava/subset/1124.jpg,../../ava/subset/2664.jpg,0.0
389,../../ava/subset/2314.jpg,../../ava/subset/2664.jpg,0.0
390,../../ava/subset/71.jpg,../../ava/subset/2711.jpg,0.0
391,../../ava/subset/2746.jpg,../../ava/subset/2711.jpg,0.0
392,../../ava/subset/2711.jpg,../../ava/subset/1124.jpg,1.0
393,../../ava/subset/2347.jpg,../../ava/subset/1124.jpg,0.0
394,../../ava/subset/2314.jpg,../../ava/subset/2685.jpg,0.0
395,../../ava/subset/796.jpg,../../ava/subset/2711.jpg,1.0
396,../../ava/subset/1004.jpg,../../ava/subset/2711.jpg,0.0
397,../../ava/subset/796.jpg,../../ava/subset/1162.jpg,1.0
398,../../ava/subset/1664.jpg,../../ava/subset/2854.jpg,0.0
399,../../ava/subset/3277.jpg,../../ava/subset/1664.jpg,1.0
400,../../ava/subset/2368.jpg,../../ava/subset/1836.jpg,1.0
401,../../ava/subset/1644.jpg,../../ava/subset/1664.jpg,1.0
402,../../ava/subset/3352.jpg,../../ava/subset/2854.jpg,0.0
403,../../ava/subset/2854.jpg,../../ava/subset/1644.jpg,0.0
404,../../ava/subset/3352.jpg,../../ava/subset/2368.jpg,1.0
405,../../ava/subset/1836.jpg,../../ava/subset/2854.jpg,0.0
406,../../ava/subset/1644.jpg,../../ava/subset/3352.jpg,1.0
407,../../ava/subset/3352.jpg,../../ava/subset/1664.jpg,0.0
408,../../ava/subset/2368.jpg,../../ava/subset/3277.jpg,0.0
409,../../ava/subset/1836.jpg,../../ava/subset/1644.jpg,0.0
410,../../ava/subset/2854.jpg,../../ava/subset/3277.jpg,0.0
411,../../ava/subset/1836.jpg,../../ava/subset/2854.jpg,0.0
412,../../ava/subset/3123.jpg,../../ava/subset/2375.jpg,1.0
413,../../ava/subset/3062.jpg,../../ava/subset/2406.jpg,1.0
414,../../ava/subset/3098.jpg,../../ava/subset/2375.jpg,1.0
415,../../ava/subset/1109.jpg,../../ava/subset/3146.jpg,0.0
416,../../ava/subset/202.jpg,../../ava/subset/3100.jpg,0.0
417,../../ava/subset/2104.jpg,../../ava/subset/2362.jpg,0.0
418,../../ava/subset/2263.jpg,../../ava/subset/359.jpg,0.0
419,../../ava/subset/2104.jpg,../../ava/subset/2445.jpg,1.0
420,../../ava/subset/3429.jpg,../../ava/subset/2932.jpg,0.0
421,../../ava/subset/359.jpg,../../ava/subset/2406.jpg,1.0
422,../../ava/subset/2971.jpg,../../ava/subset/2932.jpg,1.0
423,../../ava/subset/2406.jpg,../../ava/subset/1141.jpg,1.0
424,../../ava/subset/1109.jpg,../../ava/subset/10007.jpg,1.0
425,../../ava/subset/2971.jpg,../../ava/subset/1935.jpg,1.0
426,../../ava/subset/3061.jpg,../../ava/subset/10007.jpg,1.0
427,../../ava/subset/1935.jpg,../../ava/subset/2932.jpg,0.0
428,../../ava/subset/3146.jpg,../../ava/subset/1616.jpg,0.0
429,../../ava/subset/655.jpg,../../ava/subset/1616.jpg,1.0
430,../../ava/subset/275.jpg,../../ava/subset/2971.jpg,1.0
431,../../ava/subset/3123.jpg,../../ava/subset/496.jpg,0.0
432,../../ava/subset/2104.jpg,../../ava/subset/2932.jpg,0.0
433,../../ava/subset/10007.jpg,../../ava/subset/2701.jpg,1.0
434,../../ava/subset/275.jpg,../../ava/subset/496.jpg,0.0
435,../../ava/subset/496.jpg,../../ava/subset/3064.jpg,1.0
436,../../ava/subset/202.jpg,../../ava/subset/655.jpg,0.0
437,../../ava/subset/2362.jpg,../../ava/subset/496.jpg,0.0
438,../../ava/subset/2932.jpg,../../ava/subset/2362.jpg,0.0
439,../../ava/subset/2104.jpg,../../ava/subset/3123.jpg,1.0
440,../../ava/subset/10007.jpg,../../ava/subset/2362.jpg,0.0
441,../../ava/subset/3098.jpg,../../ava/subset/275.jpg,0.0
442,../../ava/subset/2445.jpg,../../ava/subset/359.jpg,0.0
443,../../ava/subset/1826.jpg,../../ava/subset/3100.jpg,1.0
444,../../ava/subset/10007.jpg,../../ava/subset/1141.jpg,1.0
445,../../ava/subset/2932.jpg,../../ava/subset/275.jpg,0.0
446,../../ava/subset/2375.jpg,../../ava/subset/2406.jpg,0.0
447,../../ava/subset/359.jpg,../../ava/subset/3146.jpg,1.0
448,../../ava/subset/3362.jpg,../../ava/subset/3429.jpg,0.0
449,../../ava/subset/3429.jpg,../../ava/subset/2375.jpg,1.0
450,../../ava/subset/3061.jpg,../../ava/subset/1141.jpg,1.0
451,../../ava/subset/2263.jpg,../../ava/subset/3064.jpg,0.0
452,../../ava/subset/3100.jpg,../../ava/subset/2932.jpg,0.0
453,../../ava/subset/2445.jpg,../../ava/subset/3123.jpg,0.0
454,../../ava/subset/10007.jpg,../../ava/subset/2451.jpg,1.0
455,../../ava/subset/202.jpg,../../ava/subset/10007.jpg,0.0
456,../../ava/subset/3429.jpg,../../ava/subset/2932.jpg,0.0
457,../../ava/subset/2104.jpg,../../ava/subset/10007.jpg,1.0
458,../../ava/subset/10007.jpg,../../ava/subset/2375.jpg,1.0
459,../../ava/subset/3139.jpg,../../ava/subset/3100.jpg,1.0
460,../../ava/subset/3146.jpg,../../ava/subset/2375.jpg,1.0
461,../../ava/subset/2406.jpg,../../ava/subset/202.jpg,1.0
462,../../ava/subset/1935.jpg,../../ava/subset/3064.jpg,0.0
463,../../ava/subset/2406.jpg,../../ava/subset/496.jpg,0.0
464,../../ava/subset/3146.jpg,../../ava/subset/2742.jpg,0.0
465,../../ava/subset/2263.jpg,../../ava/subset/655.jpg,0.0
466,../../ava/subset/1616.jpg,../../ava/subset/1935.jpg,1.0
467,../../ava/subset/655.jpg,../../ava/subset/1616.jpg,1.0
468,../../ava/subset/2263.jpg,../../ava/subset/2445.jpg,0.0
469,../../ava/subset/1826.jpg,../../ava/subset/2375.jpg,1.0
470,../../ava/subset/202.jpg,../../ava/subset/3123.jpg,0.0
471,../../ava/subset/3064.jpg,../../ava/subset/1935.jpg,1.0
472,../../ava/subset/2445.jpg,../../ava/subset/2406.jpg,1.0
473,../../ava/subset/3139.jpg,../../ava/subset/3429.jpg,1.0
474,../../ava/subset/3123.jpg,../../ava/subset/2701.jpg,1.0
475,../../ava/subset/2362.jpg,../../ava/subset/2445.jpg,1.0
476,../../ava/subset/2932.jpg,../../ava/subset/1253.jpg,0.0
477,../../ava/subset/917.jpg,../../ava/subset/2746.jpg,0.0
478,../../ava/subset/1253.jpg,../../ava/subset/306.jpg,1.0
479,../../ava/subset/306.jpg,../../ava/subset/486.jpg,1.0
480,../../ava/subset/486.jpg,../../ava/subset/1869.jpg,0.0
481,../../ava/subset/486.jpg,../../ava/subset/2932.jpg,0.0
482,../../ava/subset/2932.jpg,../../ava/subset/486.jpg,1.0
483,../../ava/subset/1869.jpg,../../ava/subset/2372.jpg,1.0
484,../../ava/subset/2746.jpg,../../ava/subset/1253.jpg,0.0
485,../../ava/subset/1869.jpg,../../ava/subset/2932.jpg,1.0
486,../../ava/subset/486.jpg,../../ava/subset/2372.jpg,1.0
487,../../ava/subset/486.jpg,../../ava/subset/917.jpg,1.0
488,../../ava/subset/486.jpg,../../ava/subset/1253.jpg,0.0
489,../../ava/subset/486.jpg,../../ava/subset/2746.jpg,0.0
490,../../ava/subset/486.jpg,../../ava/subset/1253.jpg,0.0
491,../../ava/subset/917.jpg,../../ava/subset/486.jpg,0.0
492,../../ava/subset/2332.jpg,../../ava/subset/2013.jpg,1.0
493,../../ava/subset/2311.jpg,../../ava/subset/3448.jpg,1.0
494,../../ava/subset/2694.jpg,../../ava/subset/1909.jpg,1.0
495,../../ava/subset/2013.jpg,../../ava/subset/3196.jpg,0.0
496,../../ava/subset/149.jpg,../../ava/subset/2332.jpg,0.0
497,../../ava/subset/3196.jpg,../../ava/subset/2013.jpg,1.0
498,../../ava/subset/3448.jpg,../../ava/subset/1909.jpg,0.0
499,../../ava/subset/149.jpg,../../ava/subset/1909.jpg,0.0
500,../../ava/subset/2332.jpg,../../ava/subset/1659.jpg,0.0
501,../../ava/subset/2332.jpg,../../ava/subset/2013.jpg,1.0
502,../../ava/subset/100050.jpg,../../ava/subset/1269.jpg,1.0
503,../../ava/subset/1909.jpg,../../ava/subset/149.jpg,1.0
504,../../ava/subset/2013.jpg,../../ava/subset/1269.jpg,0.0
505,../../ava/subset/2694.jpg,../../ava/subset/149.jpg,1.0
506,../../ava/subset/149.jpg,../../ava/subset/2339.jpg,0.0
507,../../ava/subset/3196.jpg,../../ava/subset/2013.jpg,1.0
508,../../ava/subset/149.jpg,../../ava/subset/2311.jpg,0.0
509,../../ava/subset/149.jpg,../../ava/subset/2276.jpg,1.0
510,../../ava/subset/2013.jpg,../../ava/subset/149.jpg,0.0
511,../../ava/subset/2311.jpg,../../ava/subset/2339.jpg,0.0
512,../../ava/subset/219.jpg,../../ava/subset/2311.jpg,1.0
513,../../ava/subset/2311.jpg,../../ava/subset/219.jpg,0.0
514,../../ava/subset/3196.jpg,../../ava/subset/1659.jpg,0.0
515,../../ava/subset/2311.jpg,../../ava/subset/2013.jpg,1.0
516,../../ava/subset/100050.jpg,../../ava/subset/2339.jpg,0.0
517,../../ava/subset/2332.jpg,../../ava/subset/149.jpg,1.0
518,../../ava/subset/2013.jpg,../../ava/subset/1269.jpg,0.0
519,../../ava/subset/149.jpg,../../ava/subset/2013.jpg,1.0
520,../../ava/subset/1339.jpg,../../ava/subset/1158.jpg,1.0
521,../../ava/subset/100050.jpg,../../ava/subset/3292.jpg,0.0
522,../../ava/subset/2437.jpg,../../ava/subset/1350.jpg,0.0
523,../../ava/subset/2489.jpg,../../ava/subset/100050.jpg,1.0
524,../../ava/subset/3286.jpg,../../ava/subset/2172.jpg,1.0
525,../../ava/subset/2437.jpg,../../ava/subset/2329.jpg,1.0
526,../../ava/subset/1339.jpg,../../ava/subset/2437.jpg,0.0
527,../../ava/subset/100050.jpg,../../ava/subset/3363.jpg,0.0
528,../../ava/subset/100050.jpg,../../ava/subset/2489.jpg,0.0
529,../../ava/subset/208.jpg,../../ava/subset/1882.jpg,0.0
530,../../ava/subset/3286.jpg,../../ava/subset/3355.jpg,0.0
531,../../ava/subset/1239.jpg,../../ava/subset/3355.jpg,0.0
532,../../ava/subset/2329.jpg,../../ava/subset/3103.jpg,0.0
533,../../ava/subset/3263.jpg,../../ava/subset/184.jpg,0.0
534,../../ava/subset/1339.jpg,../../ava/subset/2437.jpg,0.0
535,../../ava/subset/2329.jpg,../../ava/subset/2818.jpg,0.0
536,../../ava/subset/100194.jpg,../../ava/subset/1158.jpg,1.0
537,../../ava/subset/955.jpg,../../ava/subset/219.jpg,1.0
538,../../ava/subset/796.jpg,../../ava/subset/1123.jpg,1.0
539,../../ava/subset/100194.jpg,../../ava/subset/208.jpg,1.0
540,../../ava/subset/219.jpg,../../ava/subset/955.jpg,0.0
541,../../ava/subset/1158.jpg,../../ava/subset/3292.jpg,0.0
542,../../ava/subset/3103.jpg,../../ava/subset/2172.jpg,1.0
543,../../ava/subset/1239.jpg,../../ava/subset/1350.jpg,0.0
544,../../ava/subset/2437.jpg,../../ava/subset/796.jpg,0.0
545,../../ava/subset/1350.jpg,../../ava/subset/1123.jpg,1.0
546,../../ava/subset/208.jpg,../../ava/subset/2489.jpg,0.0
547,../../ava/subset/3192.jpg,../../ava/subset/3363.jpg,0.0
548,../../ava/subset/1882.jpg,../../ava/subset/100194.jpg,1.0
549,../../ava/subset/796.jpg,../../ava/subset/2818.jpg,1.0
550,../../ava/subset/3192.jpg,../../ava/subset/219.jpg,0.0
551,../../ava/subset/3374.jpg,../../ava/subset/1158.jpg,1.0
552,../../ava/subset/100050.jpg,../../ava/subset/185.jpg,1.0
553,../../ava/subset/1882.jpg,../../ava/subset/1339.jpg,1.0
554,../../ava/subset/1229.jpg,../../ava/subset/3363.jpg,0.0
555,../../ava/subset/3103.jpg,../../ava/subset/955.jpg,0.0
556,../../ava/subset/3374.jpg,../../ava/subset/955.jpg,1.0
557,../../ava/subset/2093.jpg,../../ava/subset/955.jpg,0.0
558,../../ava/subset/3103.jpg,../../ava/subset/3355.jpg,1.0
559,../../ava/subset/100194.jpg,../../ava/subset/3192.jpg,1.0
560,../../ava/subset/2329.jpg,../../ava/subset/1229.jpg,0.0
561,../../ava/subset/1229.jpg,../../ava/subset/1350.jpg,0.0
562,../../ava/subset/184.jpg,../../ava/subset/3292.jpg,1.0
563,../../ava/subset/3374.jpg,../../ava/subset/3292.jpg,1.0
564,../../ava/subset/3355.jpg,../../ava/subset/1123.jpg,1.0
565,../../ava/subset/3374.jpg,../../ava/subset/2172.jpg,1.0
566,../../ava/subset/1350.jpg,../../ava/subset/185.jpg,1.0
567,../../ava/subset/1239.jpg,../../ava/subset/2093.jpg,0.0
568,../../ava/subset/185.jpg,../../ava/subset/3286.jpg,0.0
569,../../ava/subset/1158.jpg,../../ava/subset/3192.jpg,0.0
570,../../ava/subset/2172.jpg,../../ava/subset/2489.jpg,0.0
571,../../ava/subset/2329.jpg,../../ava/subset/1229.jpg,0.0
572,../../ava/subset/3292.jpg,../../ava/subset/2329.jpg,1.0
573,../../ava/subset/1882.jpg,../../ava/subset/3103.jpg,0.0
574,../../ava/subset/185.jpg,../../ava/subset/1339.jpg,0.0
575,../../ava/subset/3103.jpg,../../ava/subset/2093.jpg,1.0
576,../../ava/subset/100050.jpg,../../ava/subset/2093.jpg,1.0
577,../../ava/subset/208.jpg,../../ava/subset/1158.jpg,0.0
578,../../ava/subset/1239.jpg,../../ava/subset/2818.jpg,0.0
579,../../ava/subset/3355.jpg,../../ava/subset/3363.jpg,1.0
580,../../ava/subset/2626.jpg,../../ava/subset/2041.jpg,1.0
581,../../ava/subset/2674.jpg,../../ava/subset/2723.jpg,0.0
582,../../ava/subset/1197.jpg,../../ava/subset/2674.jpg,0.0
583,../../ava/subset/1860.jpg,../../ava/subset/327.jpg,0.0
584,../../ava/subset/327.jpg,../../ava/subset/2380.jpg,1.0
585,../../ava/subset/1909.jpg,../../ava/subset/2723.jpg,0.0
586,../../ava/subset/2041.jpg,../../ava/subset/2380.jpg,1.0
587,../../ava/subset/2626.jpg,../../ava/subset/2723.jpg,1.0
588,../../ava/subset/3241.jpg,../../ava/subset/1967.jpg,1.0
589,../../ava/subset/327.jpg,../../ava/subset/2674.jpg,0.0
590,../../ava/subset/327.jpg,../../ava/subset/1909.jpg,0.0
591,../../ava/subset/327.jpg,../../ava/subset/1955.jpg,1.0
592,../../ava/subset/1876.jpg,../../ava/subset/2753.jpg,1.0
593,../../ava/subset/3241.jpg,../../ava/subset/1967.jpg,1.0
594,../../ava/subset/327.jpg,../../ava/subset/2723.jpg,0.0
595,../../ava/subset/2723.jpg,../../ava/subset/1860.jpg,1.0
596,../../ava/subset/327.jpg,../../ava/subset/1967.jpg,1.0
597,../../ava/subset/1876.jpg,../../ava/subset/1909.jpg,1.0
598,../../ava/subset/2626.jpg,../../ava/subset/1860.jpg,1.0
599,../../ava/subset/1909.jpg,../../ava/subset/1955.jpg,1.0
600,../../ava/subset/1876.jpg,../../ava/subset/1860.jpg,1.0
601,../../ava/subset/1909.jpg,../../ava/subset/2184.jpg,0.0
602,../../ava/subset/1955.jpg,../../ava/subset/2626.jpg,0.0
603,../../ava/subset/1942.jpg,../../ava/subset/1967.jpg,0.0
604,../../ava/subset/2380.jpg,../../ava/subset/2753.jpg,0.0
605,../../ava/subset/1860.jpg,../../ava/subset/2674.jpg,0.0
606,../../ava/subset/1942.jpg,../../ava/subset/2753.jpg,0.0
607,../../ava/subset/2380.jpg,../../ava/subset/1942.jpg,1.0
608,../../ava/subset/2380.jpg,../../ava/subset/327.jpg,0.0
609,../../ava/subset/3241.jpg,../../ava/subset/2723.jpg,1.0
610,../../ava/subset/2674.jpg,../../ava/subset/1967.jpg,1.0
611,../../ava/subset/327.jpg,../../ava/subset/2674.jpg,0.0
612,../../ava/subset/1468.jpg,../../ava/subset/409.jpg,0.0
613,../../ava/subset/3239.jpg,../../ava/subset/385.jpg,1.0
614,../../ava/subset/3424.jpg,../../ava/subset/2895.jpg,1.0
615,../../ava/subset/3126.jpg,../../ava/subset/1818.jpg,1.0
616,../../ava/subset/2174.jpg,../../ava/subset/385.jpg,1.0
617,../../ava/subset/409.jpg,../../ava/subset/1354.jpg,0.0
618,../../ava/subset/2906.jpg,../../ava/subset/1836.jpg,1.0
619,../../ava/subset/388.jpg,../../ava/subset/3277.jpg,0.0
620,../../ava/subset/1947.jpg,../../ava/subset/2895.jpg,0.0
621,../../ava/subset/2722.jpg,../../ava/subset/1818.jpg,0.0
622,../../ava/subset/3285.jpg,../../ava/subset/1757.jpg,0.0
623,../../ava/subset/2159.jpg,../../ava/subset/1898.jpg,0.0
624,../../ava/subset/2174.jpg,../../ava/subset/3285.jpg,1.0
625,../../ava/subset/1818.jpg,../../ava/subset/355.jpg,0.0
626,../../ava/subset/1566.jpg,../../ava/subset/1757.jpg,1.0
627,../../ava/subset/2906.jpg,../../ava/subset/2159.jpg,1.0
628,../../ava/subset/1850.jpg,../../ava/subset/3126.jpg,0.0
629,../../ava/subset/346.jpg,../../ava/subset/3126.jpg,1.0
630,../../ava/subset/3424.jpg,../../ava/subset/1930.jpg,1.0
631,../../ava/subset/1905.jpg,../../ava/subset/3285.jpg,1.0
632,../../ava/subset/2722.jpg,../../ava/subset/388.jpg,1.0
633,../../ava/subset/1862.jpg,../../ava/subset/355.jpg,0.0
634,../../ava/subset/2895.jpg,../../ava/subset/3277.jpg,0.0
635,../../ava/subset/2906.jpg,../../ava/subset/1930.jpg,1.0
636,../../ava/subset/2722.jpg,../../ava/subset/3285.jpg,1.0
637,../../ava/subset/346.jpg,../../ava/subset/359.jpg,0.0
638,../../ava/subset/1757.jpg,../../ava/subset/1947.jpg,1.0
639,../../ava/subset/2159.jpg,../../ava/subset/2906.jpg,0.0
640,../../ava/subset/1468.jpg,../../ava/subset/409.jpg,0.0
641,../../ava/subset/359.jpg,../../ava/subset/2920.jpg,1.0
642,../../ava/subset/1947.jpg,../../ava/subset/1850.jpg,0.0
643,../../ava/subset/2895.jpg,../../ava/subset/1930.jpg,1.0
644,../../ava/subset/388.jpg,../../ava/subset/1468.jpg,0.0
645,../../ava/subset/2722.jpg,../../ava/subset/385.jpg,1.0
646,../../ava/subset/1620.jpg,../../ava/subset/3126.jpg,1.0
647,../../ava/subset/1566.jpg,../../ava/subset/2906.jpg,1.0
648,../../ava/subset/1862.jpg,../../ava/subset/3126.jpg,0.0
649,../../ava/subset/1566.jpg,../../ava/subset/1930.jpg,1.0
650,../../ava/subset/1468.jpg,../../ava/subset/2722.jpg,0.0
651,../../ava/subset/388.jpg,../../ava/subset/2524.jpg,0.0
652,../../ava/subset/355.jpg,../../ava/subset/2524.jpg,1.0
653,../../ava/subset/1620.jpg,../../ava/subset/2159.jpg,1.0
654,../../ava/subset/3424.jpg,../../ava/subset/1930.jpg,1.0
655,../../ava/subset/2895.jpg,../../ava/subset/2159.jpg,1.0
656,../../ava/subset/1862.jpg,../../ava/subset/1850.jpg,0.0
657,../../ava/subset/355.jpg,../../ava/subset/359.jpg,1.0
658,../../ava/subset/1905.jpg,../../ava/subset/2174.jpg,1.0
659,../../ava/subset/3362.jpg,../../ava/subset/385.jpg,0.0
660,../../ava/subset/2159.jpg,../../ava/subset/346.jpg,0.0
661,../../ava/subset/385.jpg,../../ava/subset/355.jpg,0.0
662,../../ava/subset/1620.jpg,../../ava/subset/1818.jpg,1.0
663,../../ava/subset/1566.jpg,../../ava/subset/2174.jpg,1.0
664,../../ava/subset/385.jpg,../../ava/subset/1862.jpg,0.0
665,../../ava/subset/3277.jpg,../../ava/subset/1930.jpg,1.0
666,../../ava/subset/1566.jpg,../../ava/subset/346.jpg,0.0
667,../../ava/subset/2895.jpg,../../ava/subset/409.jpg,0.0
668,../../ava/subset/355.jpg,../../ava/subset/2159.jpg,1.0
669,../../ava/subset/2895.jpg,../../ava/subset/1620.jpg,0.0
670,../../ava/subset/1898.jpg,../../ava/subset/1850.jpg,1.0
671,../../ava/subset/888.jpg,../../ava/subset/3424.jpg,0.0
672,../../ava/subset/1620.jpg,../../ava/subset/1947.jpg,1.0
673,../../ava/subset/2174.jpg,../../ava/subset/409.jpg,0.0
674,../../ava/subset/3277.jpg,../../ava/subset/1926.jpg,1.0
675,../../ava/subset/888.jpg,../../ava/subset/3362.jpg,1.0
676,../../ava/subset/388.jpg,../../ava/subset/1354.jpg,0.0
677,../../ava/subset/1862.jpg,../../ava/subset/2159.jpg,1.0
678,../../ava/subset/3285.jpg,../../ava/subset/409.jpg,0.0
679,../../ava/subset/1930.jpg,../../ava/subset/1947.jpg,0.0
680,../../ava/subset/1757.jpg,../../ava/subset/1468.jpg,1.0
681,../../ava/subset/3126.jpg,../../ava/subset/1818.jpg,1.0
682,../../ava/subset/3261.jpg,../../ava/subset/1768.jpg,1.0
683,../../ava/subset/3478.jpg,../../ava/subset/2856.jpg,1.0
684,../../ava/subset/2856.jpg,../../ava/subset/3102.jpg,0.0
685,../../ava/subset/1350.jpg,../../ava/subset/2561.jpg,0.0
686,../../ava/subset/1768.jpg,../../ava/subset/284.jpg,0.0
687,../../ava/subset/1666.jpg,../../ava/subset/771.jpg,1.0
688,../../ava/subset/3410.jpg,../../ava/subset/284.jpg,0.0
689,../../ava/subset/1800.jpg,../../ava/subset/1561.jpg,0.0
690,../../ava/subset/2365.jpg,../../ava/subset/1736.jpg,1.0
691,../../ava/subset/2561.jpg,../../ava/subset/1164.jpg,1.0
692,../../ava/subset/1494.jpg,../../ava/subset/1647.jpg,0.0
693,../../ava/subset/10011.jpg,../../ava/subset/1585.jpg,1.0
694,../../ava/subset/2918.jpg,../../ava/subset/2802.jpg,0.0
695,../../ava/subset/3410.jpg,../../ava/subset/2802.jpg,0.0
696,../../ava/subset/1494.jpg,../../ava/subset/2213.jpg,1.0
697,../../ava/subset/3102.jpg,../../ava/subset/301.jpg,0.0
698,../../ava/subset/3478.jpg,../../ava/subset/2408.jpg,0.0
699,../../ava/subset/1768.jpg,../../ava/subset/1707.jpg,1.0
700,../../ava/subset/2561.jpg,../../ava/subset/3275.jpg,1.0
701,../../ava/subset/1800.jpg,../../ava/subset/2834.jpg,0.0
702,../../ava/subset/1475.jpg,../../ava/subset/1494.jpg,1.0
703,../../ava/subset/706.jpg,../../ava/subset/3275.jpg,1.0
704,../../ava/subset/2561.jpg,../../ava/subset/2166.jpg,1.0
705,../../ava/subset/2918.jpg,../../ava/subset/284.jpg,0.0
706,../../ava/subset/1707.jpg,../../ava/subset/149.jpg,1.0
707,../../ava/subset/2442.jpg,../../ava/subset/3102.jpg,1.0
708,../../ava/subset/1006.jpg,../../ava/subset/149.jpg,1.0
709,../../ava/subset/2406.jpg,../../ava/subset/1736.jpg,1.0
710,../../ava/subset/2558.jpg,../../ava/subset/2802.jpg,0.0
711,../../ava/subset/3261.jpg,../../ava/subset/3275.jpg,1.0
712,../../ava/subset/2442.jpg,../../ava/subset/1480.jpg,1.0
713,../../ava/subset/2856.jpg,../../ava/subset/1494.jpg,0.0
714,../../ava/subset/2561.jpg,../../ava/subset/1350.jpg,1.0
715,../../ava/subset/284.jpg,../../ava/subset/1561.jpg,0.0
716,../../ava/subset/10011.jpg,../../ava/subset/1585.jpg,1.0
717,../../ava/subset/2365.jpg,../../ava/subset/2442.jpg,0.0
718,../../ava/subset/1768.jpg,../../ava/subset/2186.jpg,1.0
719,../../ava/subset/2856.jpg,../../ava/subset/1768.jpg,0.0
720,../../ava/subset/2558.jpg,../../ava/subset/2834.jpg,0.0
721,../../ava/subset/1800.jpg,../../ava/subset/2406.jpg,0.0
722,../../ava/subset/1006.jpg,../../ava/subset/2186.jpg,1.0
723,../../ava/subset/1494.jpg,../../ava/subset/3102.jpg,0.0
724,../../ava/subset/1480.jpg,../../ava/subset/3410.jpg,1.0
725,../../ava/subset/3261.jpg,../../ava/subset/2834.jpg,0.0
726,../../ava/subset/3261.jpg,../../ava/subset/1350.jpg,0.0
727,../../ava/subset/2918.jpg,../../ava/subset/1707.jpg,0.0
728,../../ava/subset/2213.jpg,../../ava/subset/2408.jpg,0.0
729,../../ava/subset/3478.jpg,../../ava/subset/1647.jpg,1.0
730,../../ava/subset/284.jpg,../../ava/subset/1585.jpg,1.0
731,../../ava/subset/2186.jpg,../../ava/subset/301.jpg,0.0
732,../../ava/subset/2918.jpg,../../ava/subset/2365.jpg,0.0
733,../../ava/subset/301.jpg,../../ava/subset/2802.jpg,1.0
734,../../ava/subset/2442.jpg,../../ava/subset/149.jpg,1.0
735,../../ava/subset/2918.jpg,../../ava/subset/2469.jpg,0.0
736,../../ava/subset/771.jpg,../../ava/subset/3239.jpg,0.0
737,../../ava/subset/3413.jpg,../../ava/subset/2408.jpg,0.0
738,../../ava/subset/1855.jpg,../../ava/subset/1666.jpg,0.0
739,../../ava/subset/3102.jpg,../../ava/subset/2918.jpg,1.0
740,../../ava/subset/1475.jpg,../../ava/subset/3239.jpg,1.0
741,../../ava/subset/3261.jpg,../../ava/subset/10011.jpg,0.0
742,../../ava/subset/1744.jpg,../../ava/subset/1666.jpg,0.0
743,../../ava/subset/149.jpg,../../ava/subset/2561.jpg,0.0
744,../../ava/subset/3261.jpg,../../ava/subset/1480.jpg,1.0
745,../../ava/subset/1707.jpg,../../ava/subset/2166.jpg,0.0
746,../../ava/subset/1480.jpg,../../ava/subset/706.jpg,1.0
747,../../ava/subset/3478.jpg,../../ava/subset/2561.jpg,0.0
748,../../ava/subset/301.jpg,../../ava/subset/10011.jpg,1.0
749,../../ava/subset/706.jpg,../../ava/subset/2558.jpg,1.0
750,../../ava/subset/1164.jpg,../../ava/subset/2166.jpg,0.0
751,../../ava/subset/2802.jpg,../../ava/subset/1768.jpg,1.0
752,../../ava/subset/1480.jpg,../../ava/subset/1666.jpg,1.0
753,../../ava/subset/149.jpg,../../ava/subset/3275.jpg,1.0
754,../../ava/subset/1561.jpg,../../ava/subset/3410.jpg,1.0
755,../../ava/subset/1800.jpg,../../ava/subset/2186.jpg,0.0
756,../../ava/subset/149.jpg,../../ava/subset/1561.jpg,0.0
757,../../ava/subset/2213.jpg,../../ava/subset/2469.jpg,0.0
758,../../ava/subset/3478.jpg,../../ava/subset/3284.jpg,0.0
759,../../ava/subset/1744.jpg,../../ava/subset/901.jpg,0.0
760,../../ava/subset/10011.jpg,../../ava/subset/2365.jpg,0.0
761,../../ava/subset/771.jpg,../../ava/subset/1736.jpg,0.0
762,../../ava/subset/2469.jpg,../../ava/subset/1736.jpg,1.0
763,../../ava/subset/3478.jpg,../../ava/subset/2558.jpg,1.0
764,../../ava/subset/1480.jpg,../../ava/subset/3478.jpg,0.0
765,../../ava/subset/1855.jpg,../../ava/subset/2561.jpg,0.0
766,../../ava/subset/3410.jpg,../../ava/subset/149.jpg,1.0
767,../../ava/subset/3284.jpg,../../ava/subset/1621.jpg,1.0
768,../../ava/subset/2558.jpg,../../ava/subset/2856.jpg,1.0
769,../../ava/subset/1800.jpg,../../ava/subset/3102.jpg,0.0
770,../../ava/subset/1350.jpg,../../ava/subset/10011.jpg,0.0
771,../../ava/subset/1855.jpg,../../ava/subset/1736.jpg,0.0
772,../../ava/subset/3410.jpg,../../ava/subset/2166.jpg,1.0
773,../../ava/subset/3413.jpg,../../ava/subset/2442.jpg,0.0
774,../../ava/subset/2469.jpg,../../ava/subset/771.jpg,1.0
775,../../ava/subset/3239.jpg,../../ava/subset/2406.jpg,1.0
776,../../ava/subset/983.jpg,../../ava/subset/3426.jpg,0.0
777,../../ava/subset/3426.jpg,../../ava/subset/1651.jpg,0.0
778,../../ava/subset/1593.jpg,../../ava/subset/1695.jpg,0.0
779,../../ava/subset/3280.jpg,../../ava/subset/3136.jpg,1.0
780,../../ava/subset/2210.jpg,../../ava/subset/3280.jpg,0.0
781,../../ava/subset/2547.jpg,../../ava/subset/2782.jpg,1.0
782,../../ava/subset/922.jpg,../../ava/subset/2210.jpg,1.0
783,../../ava/subset/3029.jpg,../../ava/subset/2210.jpg,1.0
784,../../ava/subset/1629.jpg,../../ava/subset/1155.jpg,1.0
785,../../ava/subset/3136.jpg,../../ava/subset/1327.jpg,1.0
786,../../ava/subset/3299.jpg,../../ava/subset/3029.jpg,1.0
787,../../ava/subset/3299.jpg,../../ava/subset/2547.jpg,1.0
788,../../ava/subset/1779.jpg,../../ava/subset/3280.jpg,0.0
789,../../ava/subset/2195.jpg,../../ava/subset/2059.jpg,1.0
790,../../ava/subset/1155.jpg,../../ava/subset/2362.jpg,0.0
791,../../ava/subset/3280.jpg,../../ava/subset/3136.jpg,1.0
792,../../ava/subset/2188.jpg,../../ava/subset/2210.jpg,0.0
793,../../ava/subset/1327.jpg,../../ava/subset/3136.jpg,0.0
794,../../ava/subset/3042.jpg,../../ava/subset/3136.jpg,1.0
795,../../ava/subset/1155.jpg,../../ava/subset/1327.jpg,1.0
796,../../ava/subset/1327.jpg,../../ava/subset/2195.jpg,0.0
797,../../ava/subset/3022.jpg,../../ava/subset/2188.jpg,1.0
798,../../ava/subset/1695.jpg,../../ava/subset/1384.jpg,1.0
799,../../ava/subset/1327.jpg,../../ava/subset/1725.jpg,0.0
800,../../ava/subset/922.jpg,../../ava/subset/3299.jpg,1.0
801,../../ava/subset/3124.jpg,../../ava/subset/2129.jpg,1.0
802,../../ava/subset/3022.jpg,../../ava/subset/3136.jpg,1.0
803,../../ava/subset/2059.jpg,../../ava/subset/1384.jpg,1.0
804,../../ava/subset/1651.jpg,../../ava/subset/2782.jpg,1.0
805,../../ava/subset/1779.jpg,../../ava/subset/2210.jpg,1.0
806,../../ava/subset/983.jpg,../../ava/subset/1695.jpg,0.0
807,../../ava/subset/3146.jpg,../../ava/subset/2129.jpg,1.0
808,../../ava/subset/3042.jpg,../../ava/subset/2210.jpg,1.0
809,../../ava/subset/1779.jpg,../../ava/subset/3124.jpg,0.0
810,../../ava/subset/1779.jpg,../../ava/subset/2210.jpg,1.0
811,../../ava/subset/3042.jpg,../../ava/subset/2059.jpg,1.0
812,../../ava/subset/1155.jpg,../../ava/subset/1384.jpg,1.0
813,../../ava/subset/2547.jpg,../../ava/subset/3029.jpg,1.0
814,../../ava/subset/2059.jpg,../../ava/subset/1695.jpg,0.0
815,../../ava/subset/1155.jpg,../../ava/subset/922.jpg,0.0
816,../../ava/subset/1593.jpg,../../ava/subset/3299.jpg,0.0
817,../../ava/subset/2188.jpg,../../ava/subset/2362.jpg,0.0
818,../../ava/subset/983.jpg,../../ava/subset/2188.jpg,0.0
819,../../ava/subset/3299.jpg,../../ava/subset/2195.jpg,1.0
820,../../ava/subset/2210.jpg,../../ava/subset/1629.jpg,0.0
821,../../ava/subset/2782.jpg,../../ava/subset/922.jpg,0.0
822,../../ava/subset/3299.jpg,../../ava/subset/1327.jpg,1.0
823,../../ava/subset/3426.jpg,../../ava/subset/983.jpg,1.0
824,../../ava/subset/983.jpg,../../ava/subset/3146.jpg,0.0
825,../../ava/subset/2547.jpg,../../ava/subset/922.jpg,0.0
826,../../ava/subset/2547.jpg,../../ava/subset/3426.jpg,1.0
827,../../ava/subset/1155.jpg,../../ava/subset/2101.jpg,0.0
828,../../ava/subset/3124.jpg,../../ava/subset/3042.jpg,1.0
829,../../ava/subset/1629.jpg,../../ava/subset/3124.jpg,1.0
830,../../ava/subset/3042.jpg,../../ava/subset/3124.jpg,0.0
831,../../ava/subset/3029.jpg,../../ava/subset/2782.jpg,0.0
832,../../ava/subset/1779.jpg,../../ava/subset/1725.jpg,1.0
833,../../ava/subset/2547.jpg,../../ava/subset/2101.jpg,1.0
834,../../ava/subset/1593.jpg,../../ava/subset/1695.jpg,0.0
835,../../ava/subset/3299.jpg,../../ava/subset/1651.jpg,0.0
836,../../ava/subset/3267.jpg,../../ava/subset/576.jpg,1.0
837,../../ava/subset/2595.jpg,../../ava/subset/500.jpg,0.0
838,../../ava/subset/1341.jpg,../../ava/subset/1124.jpg,1.0
839,../../ava/subset/1587.jpg,../../ava/subset/203.jpg,0.0
840,../../ava/subset/581.jpg,../../ava/subset/1124.jpg,0.0
841,../../ava/subset/581.jpg,../../ava/subset/648.jpg,0.0
842,../../ava/subset/581.jpg,../../ava/subset/576.jpg,0.0
843,../../ava/subset/575.jpg,../../ava/subset/500.jpg,1.0
844,../../ava/subset/203.jpg,../../ava/subset/3353.jpg,1.0
845,../../ava/subset/1330.jpg,../../ava/subset/3353.jpg,1.0
846,../../ava/subset/1124.jpg,../../ava/subset/576.jpg,0.0
847,../../ava/subset/3267.jpg,../../ava/subset/483.jpg,1.0
848,../../ava/subset/3353.jpg,../../ava/subset/3387.jpg,0.0
849,../../ava/subset/500.jpg,../../ava/subset/203.jpg,1.0
850,../../ava/subset/576.jpg,../../ava/subset/493.jpg,1.0
851,../../ava/subset/493.jpg,../../ava/subset/2919.jpg,0.0
852,../../ava/subset/1330.jpg,../../ava/subset/581.jpg,1.0
853,../../ava/subset/493.jpg,../../ava/subset/3353.jpg,1.0
854,../../ava/subset/2595.jpg,../../ava/subset/3267.jpg,0.0
855,../../ava/subset/575.jpg,../../ava/subset/2919.jpg,1.0
856,../../ava/subset/648.jpg,../../ava/subset/1052.jpg,1.0
857,../../ava/subset/540.jpg,../../ava/subset/595.jpg,1.0
858,../../ava/subset/540.jpg,../../ava/subset/2919.jpg,0.0
859,../../ava/subset/1124.jpg,../../ava/subset/595.jpg,1.0
860,../../ava/subset/576.jpg,../../ava/subset/3387.jpg,0.0
861,../../ava/subset/483.jpg,../../ava/subset/648.jpg,0.0
862,../../ava/subset/483.jpg,../../ava/subset/493.jpg,1.0
863,../../ava/subset/540.jpg,../../ava/subset/500.jpg,0.0
864,../../ava/subset/648.jpg,../../ava/subset/597.jpg,1.0
865,../../ava/subset/540.jpg,../../ava/subset/203.jpg,0.0
866,../../ava/subset/581.jpg,../../ava/subset/624.jpg,0.0
867,../../ava/subset/3387.jpg,../../ava/subset/595.jpg,1.0
868,../../ava/subset/1218.jpg,../../ava/subset/1341.jpg,1.0
869,../../ava/subset/595.jpg,../../ava/subset/597.jpg,1.0
870,../../ava/subset/576.jpg,../../ava/subset/2595.jpg,0.0
871,../../ava/subset/493.jpg,../../ava/subset/1330.jpg,0.0
872,../../ava/subset/1330.jpg,../../ava/subset/540.jpg,1.0
873,../../ava/subset/1314.jpg,../../ava/subset/3353.jpg,1.0
874,../../ava/subset/581.jpg,../../ava/subset/483.jpg,1.0
875,../../ava/subset/2919.jpg,../../ava/subset/576.jpg,1.0
876,../../ava/subset/2919.jpg,../../ava/subset/2595.jpg,1.0
877,../../ava/subset/597.jpg,../../ava/subset/575.jpg,0.0
878,../../ava/subset/1198.jpg,../../ava/subset/648.jpg,0.0
879,../../ava/subset/597.jpg,../../ava/subset/3267.jpg,0.0
880,../../ava/subset/203.jpg,../../ava/subset/2919.jpg,1.0
881,../../ava/subset/483.jpg,../../ava/subset/540.jpg,0.0
882,../../ava/subset/2141.jpg,../../ava/subset/493.jpg,1.0
883,../../ava/subset/500.jpg,../../ava/subset/1218.jpg,0.0
884,../../ava/subset/3267.jpg,../../ava/subset/3387.jpg,0.0
885,../../ava/subset/3353.jpg,../../ava/subset/1328.jpg,0.0
886,../../ava/subset/1341.jpg,../../ava/subset/581.jpg,1.0
887,../../ava/subset/1341.jpg,../../ava/subset/1587.jpg,1.0
888,../../ava/subset/500.jpg,../../ava/subset/581.jpg,1.0
889,../../ava/subset/2141.jpg,../../ava/subset/558.jpg,0.0
890,../../ava/subset/540.jpg,../../ava/subset/1587.jpg,1.0
891,../../ava/subset/1124.jpg,../../ava/subset/575.jpg,0.0
892,../../ava/subset/1855.jpg,../../ava/subset/1647.jpg,0.0
893,../../ava/subset/1869.jpg,../../ava/subset/2101.jpg,1.0
894,../../ava/subset/548.jpg,../../ava/subset/2141.jpg,0.0
895,../../ava/subset/1947.jpg,../../ava/subset/2451.jpg,0.0
896,../../ava/subset/1328.jpg,../../ava/subset/2263.jpg,1.0
897,../../ava/subset/3219.jpg,../../ava/subset/2477.jpg,1.0
898,../../ava/subset/1955.jpg,../../ava/subset/1947.jpg,1.0
899,../../ava/subset/2141.jpg,../../ava/subset/1926.jpg,1.0
900,../../ava/subset/202.jpg,../../ava/subset/2674.jpg,0.0
901,../../ava/subset/2133.jpg,../../ava/subset/368.jpg,0.0
902,../../ava/subset/3253.jpg,../../ava/subset/1314.jpg,0.0
903,../../ava/subset/2213.jpg,../../ava/subset/2042.jpg,0.0
904,../../ava/subset/1757.jpg,../../ava/subset/2013.jpg,1.0
905,../../ava/subset/991.jpg,../../ava/subset/2195.jpg,0.0
906,../../ava/subset/548.jpg,../../ava/subset/2555.jpg,0.0
907,../../ava/subset/2019.jpg,../../ava/subset/2186.jpg,1.0
908,../../ava/subset/2133.jpg,../../ava/subset/2263.jpg,1.0
909,../../ava/subset/2186.jpg,../../ava/subset/2668.jpg,0.0
910,../../ava/subset/2141.jpg,../../ava/subset/1052.jpg,0.0
911,../../ava/subset/368.jpg,../../ava/subset/2674.jpg,1.0
912,../../ava/subset/2129.jpg,../../ava/subset/1314.jpg,0.0
913,../../ava/subset/1006.jpg,../../ava/subset/759.jpg,1.0
914,../../ava/subset/2210.jpg,../../ava/subset/2184.jpg,0.0
915,../../ava/subset/3275.jpg,../../ava/subset/2668.jpg,0.0
916,../../ava/subset/388.jpg,../../ava/subset/2159.jpg,1.0
917,../../ava/subset/1947.jpg,../../ava/subset/2013.jpg,0.0
918,../../ava/subset/2155.jpg,../../ava/subset/3126.jpg,0.0
919,../../ava/subset/3413.jpg,../../ava/subset/2166.jpg,1.0
920,../../ava/subset/1926.jpg,../../ava/subset/2374.jpg,1.0
921,../../ava/subset/3275.jpg,../../ava/subset/2186.jpg,0.0
922,../../ava/subset/202.jpg,../../ava/subset/2188.jpg,0.0
923,../../ava/subset/1052.jpg,../../ava/subset/3413.jpg,1.0
924,../../ava/subset/2155.jpg,../../ava/subset/202.jpg,0.0
925,../../ava/subset/747.jpg,../../ava/subset/2159.jpg,1.0
926,../../ava/subset/2668.jpg,../../ava/subset/1328.jpg,1.0
927,../../ava/subset/1314.jpg,../../ava/subset/2145.jpg,1.0
928,../../ava/subset/2184.jpg,../../ava/subset/1855.jpg,1.0
929,../../ava/subset/2674.jpg,../../ava/subset/2013.jpg,1.0
930,../../ava/subset/1898.jpg,../../ava/subset/3253.jpg,1.0
931,../../ava/subset/2445.jpg,../../ava/subset/2184.jpg,0.0
932,../../ava/subset/1591.jpg,../../ava/subset/2159.jpg,0.0
933,../../ava/subset/1341.jpg,../../ava/subset/2206.jpg,1.0
934,../../ava/subset/2082.jpg,../../ava/subset/2213.jpg,1.0
935,../../ava/subset/2186.jpg,../../ava/subset/1527.jpg,0.0
936,../../ava/subset/2104.jpg,../../ava/subset/2209.jpg,1.0
937,../../ava/subset/1855.jpg,../../ava/subset/2019.jpg,0.0
938,../../ava/subset/3275.jpg,../../ava/subset/2576.jpg,0.0
939,../../ava/subset/548.jpg,../../ava/subset/1328.jpg,0.0
940,../../ava/subset/2209.jpg,../../ava/subset/2013.jpg,1.0
941,../../ava/subset/759.jpg,../../ava/subset/2184.jpg,0.0
942,../../ava/subset/1527.jpg,../../ava/subset/2186.jpg,1.0
943,../../ava/subset/1527.jpg,../../ava/subset/2920.jpg,1.0
944,../../ava/subset/202.jpg,../../ava/subset/3275.jpg,1.0
945,../../ava/subset/2374.jpg,../../ava/subset/2013.jpg,1.0
946,../../ava/subset/2184.jpg,../../ava/subset/2186.jpg,1.0
947,../../ava/subset/1855.jpg,../../ava/subset/991.jpg,0.0
948,../../ava/subset/1685.jpg,../../ava/subset/2445.jpg,0.0
949,../../ava/subset/2477.jpg,../../ava/subset/368.jpg,0.0
950,../../ava/subset/1341.jpg,../../ava/subset/1328.jpg,0.0
951,../../ava/subset/1647.jpg,../../ava/subset/2133.jpg,0.0
952,../../ava/subset/1615.jpg,../../ava/subset/202.jpg,0.0
953,../../ava/subset/2155.jpg,../../ava/subset/2159.jpg,0.0
954,../../ava/subset/1141.jpg,../../ava/subset/1527.jpg,0.0
955,../../ava/subset/2093.jpg,../../ava/subset/2115.jpg,1.0
956,../../ava/subset/1328.jpg,../../ava/subset/2263.jpg,1.0
957,../../ava/subset/3390.jpg,../../ava/subset/1647.jpg,1.0
958,../../ava/subset/2451.jpg,../../ava/subset/2172.jpg,0.0
959,../../ava/subset/2093.jpg,../../ava/subset/2263.jpg,1.0
960,../../ava/subset/1328.jpg,../../ava/subset/2576.jpg,1.0
961,../../ava/subset/1926.jpg,../../ava/subset/2195.jpg,0.0
962,../../ava/subset/1341.jpg,../../ava/subset/991.jpg,0.0
963,../../ava/subset/1955.jpg,../../ava/subset/2576.jpg,0.0
964,../../ava/subset/1314.jpg,../../ava/subset/2115.jpg,1.0
965,../../ava/subset/2083.jpg,../../ava/subset/747.jpg,1.0
966,../../ava/subset/2555.jpg,../../ava/subset/2263.jpg,1.0
967,../../ava/subset/1869.jpg,../../ava/subset/2083.jpg,1.0
968,../../ava/subset/2042.jpg,../../ava/subset/759.jpg,1.0
969,../../ava/subset/991.jpg,../../ava/subset/2920.jpg,1.0
970,../../ava/subset/2576.jpg,../../ava/subset/1757.jpg,1.0
971,../../ava/subset/3253.jpg,../../ava/subset/1314.jpg,0.0
972,../../ava/subset/2263.jpg,../../ava/subset/2206.jpg,1.0
973,../../ava/subset/2019.jpg,../../ava/subset/1615.jpg,1.0
974,../../ava/subset/2188.jpg,../../ava/subset/2133.jpg,0.0
975,../../ava/subset/1942.jpg,../../ava/subset/1341.jpg,0.0
976,../../ava/subset/548.jpg,../../ava/subset/1591.jpg,1.0
977,../../ava/subset/2555.jpg,../../ava/subset/2186.jpg,1.0
978,../../ava/subset/2210.jpg,../../ava/subset/1947.jpg,1.0
979,../../ava/subset/2668.jpg,../../ava/subset/2263.jpg,1.0
980,../../ava/subset/1527.jpg,../../ava/subset/1591.jpg,1.0
981,../../ava/subset/2374.jpg,../../ava/subset/1757.jpg,0.0
982,../../ava/subset/759.jpg,../../ava/subset/2210.jpg,0.0
983,../../ava/subset/3390.jpg,../../ava/subset/3253.jpg,1.0
984,../../ava/subset/2129.jpg,../../ava/subset/2477.jpg,1.0
985,../../ava/subset/2115.jpg,../../ava/subset/2477.jpg,1.0
986,../../ava/subset/2104.jpg,../../ava/subset/3275.jpg,1.0
987,../../ava/subset/1855.jpg,../../ava/subset/2206.jpg,1.0
988,../../ava/subset/2082.jpg,../../ava/subset/2668.jpg,1.0
989,../../ava/subset/2101.jpg,../../ava/subset/747.jpg,0.0
990,../../ava/subset/2668.jpg,../../ava/subset/1783.jpg,1.0
991,../../ava/subset/202.jpg,../../ava/subset/1615.jpg,1.0
992,../../ava/subset/2042.jpg,../../ava/subset/1685.jpg,1.0
993,../../ava/subset/2093.jpg,../../ava/subset/3390.jpg,0.0
994,../../ava/subset/2920.jpg,../../ava/subset/2093.jpg,0.0
995,../../ava/subset/3062.jpg,../../ava/subset/1052.jpg,1.0
996,../../ava/subset/1341.jpg,../../ava/subset/1955.jpg,1.0
997,../../ava/subset/1647.jpg,../../ava/subset/1947.jpg,1.0
998,../../ava/subset/2210.jpg,../../ava/subset/2195.jpg,0.0
999,../../ava/subset/1527.jpg,../../ava/subset/2188.jpg,1.0
1000,../../ava/subset/759.jpg,../../ava/subset/3275.jpg,0.0
1001,../../ava/subset/1783.jpg,../../ava/subset/3126.jpg,0.0
1002,../../ava/subset/2213.jpg,../../ava/subset/1615.jpg,1.0
1003,../../ava/subset/2206.jpg,../../ava/subset/1942.jpg,0.0
1004,../../ava/subset/3062.jpg,../../ava/subset/759.jpg,1.0
1005,../../ava/subset/1855.jpg,../../ava/subset/2101.jpg,0.0
1006,../../ava/subset/747.jpg,../../ava/subset/2674.jpg,0.0
1007,../../ava/subset/2145.jpg,../../ava/subset/2115.jpg,1.0
1008,../../ava/subset/388.jpg,../../ava/subset/2083.jpg,0.0
1009,../../ava/subset/1947.jpg,../../ava/subset/2209.jpg,0.0
1010,../../ava/subset/2013.jpg,../../ava/subset/2093.jpg,0.0
1011,../../ava/subset/3075.jpg,../../ava/subset/1855.jpg,1.0
1012,../../ava/subset/2188.jpg,../../ava/subset/1955.jpg,0.0
1013,../../ava/subset/1942.jpg,../../ava/subset/2166.jpg,0.0
1014,../../ava/subset/2082.jpg,../../ava/subset/368.jpg,0.0
1015,../../ava/subset/2184.jpg,../../ava/subset/2129.jpg,1.0
1016,../../ava/subset/548.jpg,../../ava/subset/1314.jpg,0.0
1017,../../ava/subset/1869.jpg,../../ava/subset/1947.jpg,1.0
1018,../../ava/subset/2374.jpg,../../ava/subset/1757.jpg,0.0
1019,../../ava/subset/2213.jpg,../../ava/subset/3413.jpg,0.0
1020,../../ava/subset/2190.jpg,../../ava/subset/1942.jpg,0.0
1021,../../ava/subset/1898.jpg,../../ava/subset/202.jpg,1.0
1022,../../ava/subset/1942.jpg,../../ava/subset/1141.jpg,0.0
1023,../../ava/subset/3413.jpg,../../ava/subset/1591.jpg,1.0
1024,../../ava/subset/2374.jpg,../../ava/subset/1615.jpg,1.0
1025,../../ava/subset/2159.jpg,../../ava/subset/2155.jpg,1.0
1026,../../ava/subset/991.jpg,../../ava/subset/3126.jpg,0.0
1027,../../ava/subset/747.jpg,../../ava/subset/1947.jpg,1.0
1028,../../ava/subset/2206.jpg,../../ava/subset/2042.jpg,0.0
1029,../../ava/subset/1328.jpg,../../ava/subset/2093.jpg,0.0
1030,../../ava/subset/2145.jpg,../../ava/subset/2159.jpg,1.0
1031,../../ava/subset/2141.jpg,../../ava/subset/2159.jpg,1.0
1032,../../ava/subset/368.jpg,../../ava/subset/2019.jpg,1.0
1033,../../ava/subset/2019.jpg,../../ava/subset/2188.jpg,1.0
1034,../../ava/subset/1942.jpg,../../ava/subset/1926.jpg,0.0
1035,../../ava/subset/1757.jpg,../../ava/subset/2374.jpg,1.0
1036,../../ava/subset/202.jpg,../../ava/subset/2674.jpg,0.0
1037,../../ava/subset/2145.jpg,../../ava/subset/2129.jpg,1.0
1038,../../ava/subset/2848.jpg,../../ava/subset/10011.jpg,1.0
1039,../../ava/subset/106.jpg,../../ava/subset/301.jpg,0.0
1040,../../ava/subset/2814.jpg,../../ava/subset/1299.jpg,0.0
1041,../../ava/subset/301.jpg,../../ava/subset/1004.jpg,1.0
1042,../../ava/subset/71.jpg,../../ava/subset/10011.jpg,0.0
1043,../../ava/subset/3363.jpg,../../ava/subset/2892.jpg,1.0
1044,../../ava/subset/2814.jpg,../../ava/subset/3478.jpg,0.0
1045,../../ava/subset/208.jpg,../../ava/subset/2814.jpg,0.0
1046,../../ava/subset/10019.jpg,../../ava/subset/1558.jpg,1.0
1047,../../ava/subset/3029.jpg,../../ava/subset/1024.jpg,1.0
1048,../../ava/subset/1585.jpg,../../ava/subset/2848.jpg,0.0
1049,../../ava/subset/3263.jpg,../../ava/subset/1541.jpg,1.0
1050,../../ava/subset/3363.jpg,../../ava/subset/304.jpg,1.0
1051,../../ava/subset/3029.jpg,../../ava/subset/2892.jpg,1.0
1052,../../ava/subset/2905.jpg,../../ava/subset/722.jpg,0.0
1053,../../ava/subset/3478.jpg,../../ava/subset/2905.jpg,1.0
1054,../../ava/subset/2309.jpg,../../ava/subset/848.jpg,1.0
1055,../../ava/subset/1558.jpg,../../ava/subset/71.jpg,1.0
1056,../../ava/subset/848.jpg,../../ava/subset/1707.jpg,0.0
1057,../../ava/subset/304.jpg,../../ava/subset/2437.jpg,0.0
1058,../../ava/subset/184.jpg,../../ava/subset/901.jpg,1.0
1059,../../ava/subset/2848.jpg,../../ava/subset/185.jpg,1.0
1060,../../ava/subset/160.jpg,../../ava/subset/1541.jpg,0.0
1061,../../ava/subset/901.jpg,../../ava/subset/2489.jpg,0.0
1062,../../ava/subset/883.jpg,../../ava/subset/71.jpg,1.0
1063,../../ava/subset/3406.jpg,../../ava/subset/10019.jpg,0.0
1064,../../ava/subset/10019.jpg,../../ava/subset/3103.jpg,1.0
1065,../../ava/subset/2437.jpg,../../ava/subset/3478.jpg,0.0
1066,../../ava/subset/2892.jpg,../../ava/subset/1585.jpg,0.0
1067,../../ava/subset/208.jpg,../../ava/subset/2489.jpg,0.0
1068,../../ava/subset/106.jpg,../../ava/subset/2859.jpg,0.0
1069,../../ava/subset/1707.jpg,../../ava/subset/208.jpg,1.0
1070,../../ava/subset/1229.jpg,../../ava/subset/3263.jpg,0.0
1071,../../ava/subset/2856.jpg,../../ava/subset/848.jpg,0.0
1072,../../ava/subset/848.jpg,../../ava/subset/3463.jpg,1.0
1073,../../ava/subset/203.jpg,../../ava/subset/1024.jpg,1.0
1074,../../ava/subset/203.jpg,../../ava/subset/645.jpg,0.0
1075,../../ava/subset/2859.jpg,../../ava/subset/1541.jpg,0.0
1076,../../ava/subset/2309.jpg,../../ava/subset/203.jpg,0.0
1077,../../ava/subset/3406.jpg,../../ava/subset/645.jpg,0.0
1078,../../ava/subset/883.jpg,../../ava/subset/1239.jpg,1.0
1079,../../ava/subset/1541.jpg,../../ava/subset/3183.jpg,0.0
1080,../../ava/subset/3363.jpg,../../ava/subset/1229.jpg,1.0
1081,../../ava/subset/2905.jpg,../../ava/subset/304.jpg,1.0
1082,../../ava/subset/901.jpg,../../ava/subset/3406.jpg,1.0
1083,../../ava/subset/2489.jpg,../../ava/subset/1585.jpg,1.0
1084,../../ava/subset/2892.jpg,../../ava/subset/2206.jpg,0.0
1085,../../ava/subset/2814.jpg,../../ava/subset/208.jpg,1.0
1086,../../ava/subset/3029.jpg,../../ava/subset/1826.jpg,0.0
1087,../../ava/subset/3363.jpg,../../ava/subset/10019.jpg,0.0
1088,../../ava/subset/3263.jpg,../../ava/subset/3406.jpg,1.0
1089,../../ava/subset/3183.jpg,../../ava/subset/1229.jpg,1.0
1090,../../ava/subset/1229.jpg,../../ava/subset/3263.jpg,0.0
1091,../../ava/subset/2489.jpg,../../ava/subset/883.jpg,0.0
1092,../../ava/subset/1826.jpg,../../ava/subset/1239.jpg,1.0
1093,../../ava/subset/1229.jpg,../../ava/subset/883.jpg,0.0
1094,../../ava/subset/722.jpg,../../ava/subset/2206.jpg,1.0
1095,../../ava/subset/2905.jpg,../../ava/subset/10011.jpg,0.0
1096,../../ava/subset/184.jpg,../../ava/subset/203.jpg,1.0
1097,../../ava/subset/1541.jpg,../../ava/subset/2814.jpg,1.0
1098,../../ava/subset/1229.jpg,../../ava/subset/3103.jpg,0.0
1099,../../ava/subset/1541.jpg,../../ava/subset/848.jpg,1.0
1100,../../ava/subset/1541.jpg,../../ava/subset/2848.jpg,0.0
1101,../../ava/subset/883.jpg,../../ava/subset/3219.jpg,1.0
1102,../../ava/subset/883.jpg,../../ava/subset/3263.jpg,1.0
1103,../../ava/subset/301.jpg,../../ava/subset/1707.jpg,1.0
1104,../../ava/subset/301.jpg,../../ava/subset/185.jpg,1.0
1105,../../ava/subset/2892.jpg,../../ava/subset/2905.jpg,0.0
1106,../../ava/subset/185.jpg,../../ava/subset/301.jpg,0.0
1107,../../ava/subset/1558.jpg,../../ava/subset/645.jpg,0.0
1108,../../ava/subset/2489.jpg,../../ava/subset/2848.jpg,1.0
1109,../../ava/subset/1541.jpg,../../ava/subset/10019.jpg,0.0
1110,../../ava/subset/10011.jpg,../../ava/subset/1239.jpg,1.0
1111,../../ava/subset/813.jpg,../../ava/subset/158.jpg,1.0
1112,../../ava/subset/304.jpg,../../ava/subset/3263.jpg,0.0
1113,../../ava/subset/185.jpg,../../ava/subset/10011.jpg,0.0
1114,../../ava/subset/71.jpg,../../ava/subset/2489.jpg,0.0
1115,../../ava/subset/848.jpg,../../ava/subset/71.jpg,1.0
1116,../../ava/subset/71.jpg,../../ava/subset/160.jpg,0.0
1117,../../ava/subset/301.jpg,../../ava/subset/160.jpg,1.0
1118,../../ava/subset/991.jpg,../../ava/subset/10011.jpg,1.0
1119,../../ava/subset/3463.jpg,../../ava/subset/1707.jpg,0.0
1120,../../ava/subset/10011.jpg,../../ava/subset/645.jpg,0.0
1121,../../ava/subset/813.jpg,../../ava/subset/722.jpg,0.0
1122,../../ava/subset/2309.jpg,../../ava/subset/185.jpg,1.0
1123,../../ava/subset/2489.jpg,../../ava/subset/3426.jpg,1.0
1124,../../ava/subset/2309.jpg,../../ava/subset/1024.jpg,1.0
1125,../../ava/subset/304.jpg,../../ava/subset/2905.jpg,0.0
1126,../../ava/subset/901.jpg,../../ava/subset/3219.jpg,1.0
1127,../../ava/subset/1707.jpg,../../ava/subset/2856.jpg,1.0
1128,../../ava/subset/2309.jpg,../../ava/subset/883.jpg,0.0
1129,../../ava/subset/2859.jpg,../../ava/subset/848.jpg,1.0
1130,../../ava/subset/301.jpg,../../ava/subset/1229.jpg,1.0
1131,../../ava/subset/208.jpg,../../ava/subset/1299.jpg,0.0
1132,../../ava/subset/1707.jpg,../../ava/subset/813.jpg,0.0
1133,../../ava/subset/1707.jpg,../../ava/subset/10011.jpg,0.0
1134,../../ava/subset/3103.jpg,../../ava/subset/304.jpg,1.0
1135,../../ava/subset/1004.jpg,../../ava/subset/1239.jpg,1.0
1136,../../ava/subset/490.jpg,../../ava/subset/2288.jpg,0.0
1137,../../ava/subset/490.jpg,../../ava/subset/2288.jpg,0.0
1138,../../ava/subset/490.jpg,../../ava/subset/3387.jpg,0.0
1139,../../ava/subset/490.jpg,../../ava/subset/1644.jpg,0.0
1140,../../ava/subset/75.jpg,../../ava/subset/2288.jpg,0.0
1141,../../ava/subset/2288.jpg,../../ava/subset/75.jpg,1.0
1142,../../ava/subset/2333.jpg,../../ava/subset/2314.jpg,0.0
1143,../../ava/subset/490.jpg,../../ava/subset/2357.jpg,0.0
1144,../../ava/subset/2333.jpg,../../ava/subset/2357.jpg,0.0
1145,../../ava/subset/1129.jpg,../../ava/subset/2288.jpg,1.0
1146,../../ava/subset/2288.jpg,../../ava/subset/1644.jpg,0.0
1147,../../ava/subset/3387.jpg,../../ava/subset/1129.jpg,0.0
1148,../../ava/subset/483.jpg,../../ava/subset/3387.jpg,0.0
1149,../../ava/subset/2333.jpg,../../ava/subset/490.jpg,1.0
1150,../../ava/subset/75.jpg,../../ava/subset/2357.jpg,0.0
1151,../../ava/subset/1644.jpg,../../ava/subset/1129.jpg,1.0
1152,../../ava/subset/2314.jpg,../../ava/subset/1129.jpg,0.0
1153,../../ava/subset/2314.jpg,../../ava/subset/483.jpg,1.0
1154,../../ava/subset/2314.jpg,../../ava/subset/1129.jpg,0.0
1155,../../ava/subset/2288.jpg,../../ava/subset/75.jpg,1.0
1156,../../ava/subset/2357.jpg,../../ava/subset/1129.jpg,0.0
1157,../../ava/subset/2288.jpg,../../ava/subset/2314.jpg,1.0
1158,../../ava/subset/858.jpg,../../ava/subset/829.jpg,0.0
1159,../../ava/subset/939.jpg,../../ava/subset/848.jpg,1.0
1160,../../ava/subset/1928.jpg,../../ava/subset/2382.jpg,1.0
1161,../../ava/subset/835.jpg,../../ava/subset/927.jpg,1.0
1162,../../ava/subset/2382.jpg,../../ava/subset/2477.jpg,0.0
1163,../../ava/subset/2732.jpg,../../ava/subset/2477.jpg,0.0
1164,../../ava/subset/2599.jpg,../../ava/subset/2295.jpg,1.0
1165,../../ava/subset/2732.jpg,../../ava/subset/1928.jpg,0.0
1166,../../ava/subset/858.jpg,../../ava/subset/2295.jpg,0.0
1167,../../ava/subset/858.jpg,../../ava/subset/2477.jpg,0.0
1168,../../ava/subset/939.jpg,../../ava/subset/2268.jpg,0.0
1169,../../ava/subset/858.jpg,../../ava/subset/2477.jpg,0.0
1170,../../ava/subset/939.jpg,../../ava/subset/1297.jpg,0.0
1171,../../ava/subset/2732.jpg,../../ava/subset/2268.jpg,0.0
1172,../../ava/subset/2268.jpg,../../ava/subset/927.jpg,1.0
1173,../../ava/subset/2382.jpg,../../ava/subset/1727.jpg,0.0
1174,../../ava/subset/858.jpg,../../ava/subset/2382.jpg,0.0
1175,../../ava/subset/829.jpg,../../ava/subset/927.jpg,1.0
1176,../../ava/subset/840.jpg,../../ava/subset/2732.jpg,1.0
1177,../../ava/subset/2477.jpg,../../ava/subset/1748.jpg,0.0
1178,../../ava/subset/2732.jpg,../../ava/subset/840.jpg,0.0
1179,../../ava/subset/840.jpg,../../ava/subset/789.jpg,1.0
1180,../../ava/subset/789.jpg,../../ava/subset/829.jpg,0.0
1181,../../ava/subset/835.jpg,../../ava/subset/939.jpg,0.0
1182,../../ava/subset/2477.jpg,../../ava/subset/2295.jpg,0.0
1183,../../ava/subset/2599.jpg,../../ava/subset/1928.jpg,1.0
1184,../../ava/subset/1748.jpg,../../ava/subset/939.jpg,0.0
1185,../../ava/subset/829.jpg,../../ava/subset/1297.jpg,0.0
1186,../../ava/subset/2477.jpg,../../ava/subset/2083.jpg,0.0
1187,../../ava/subset/2268.jpg,../../ava/subset/2732.jpg,1.0
1188,../../ava/subset/1727.jpg,../../ava/subset/2382.jpg,1.0
1189,../../ava/subset/835.jpg,../../ava/subset/840.jpg,1.0
1190,../../ava/subset/789.jpg,../../ava/subset/2382.jpg,1.0
1191,../../ava/subset/2268.jpg,../../ava/subset/2477.jpg,1.0
1192,../../ava/subset/2268.jpg,../../ava/subset/2083.jpg,1.0
1193,../../ava/subset/1748.jpg,../../ava/subset/1297.jpg,0.0
1194,../../ava/subset/789.jpg,../../ava/subset/2599.jpg,0.0
1195,../../ava/subset/2268.jpg,../../ava/subset/2382.jpg,1.0
1196,../../ava/subset/2375.jpg,../../ava/subset/2663.jpg,0.0
1197,../../ava/subset/3390.jpg,../../ava/subset/2667.jpg,0.0
1198,../../ava/subset/2663.jpg,../../ava/subset/1127.jpg,0.0
1199,../../ava/subset/2375.jpg,../../ava/subset/1127.jpg,0.0
1200,../../ava/subset/1127.jpg,../../ava/subset/2701.jpg,1.0
1201,../../ava/subset/1197.jpg,../../ava/subset/840.jpg,1.0
1202,../../ava/subset/2663.jpg,../../ava/subset/840.jpg,1.0
1203,../../ava/subset/2701.jpg,../../ava/subset/1127.jpg,0.0
1204,../../ava/subset/840.jpg,../../ava/subset/1197.jpg,0.0
1205,../../ava/subset/3390.jpg,../../ava/subset/1197.jpg,0.0
1206,../../ava/subset/1197.jpg,../../ava/subset/3390.jpg,1.0
1207,../../ava/subset/2663.jpg,../../ava/subset/2701.jpg,1.0
1208,../../ava/subset/840.jpg,../../ava/subset/2663.jpg,0.0
1209,../../ava/subset/1197.jpg,../../ava/subset/1127.jpg,0.0
1210,../../ava/subset/2375.jpg,../../ava/subset/2667.jpg,0.0
1211,../../ava/subset/840.jpg,../../ava/subset/2663.jpg,0.0
1212,../../ava/subset/1615.jpg,../../ava/subset/2449.jpg,0.0
1213,../../ava/subset/10007.jpg,../../ava/subset/2449.jpg,0.0
1214,../../ava/subset/10007.jpg,../../ava/subset/1615.jpg,1.0
1215,../../ava/subset/2449.jpg,../../ava/subset/1615.jpg,1.0
1216,../../ava/subset/2449.jpg,../../ava/subset/10007.jpg,1.0
1217,../../ava/subset/2449.jpg,../../ava/subset/10007.jpg,1.0
1218,../../ava/subset/2344.jpg,../../ava/subset/3123.jpg,0.0
1219,../../ava/subset/648.jpg,../../ava/subset/10009.jpg,1.0
1220,../../ava/subset/2372.jpg,../../ava/subset/2344.jpg,0.0
1221,../../ava/subset/2372.jpg,../../ava/subset/100194.jpg,0.0
1222,../../ava/subset/100194.jpg,../../ava/subset/3123.jpg,1.0
1223,../../ava/subset/3123.jpg,../../ava/subset/100194.jpg,0.0
1224,../../ava/subset/10009.jpg,../../ava/subset/648.jpg,0.0
1225,../../ava/subset/2253.jpg,../../ava/subset/2344.jpg,1.0
1226,../../ava/subset/2253.jpg,../../ava/subset/100194.jpg,0.0
1227,../../ava/subset/2372.jpg,../../ava/subset/10009.jpg,0.0
1228,../../ava/subset/2344.jpg,../../ava/subset/1602.jpg,1.0
1229,../../ava/subset/2344.jpg,../../ava/subset/648.jpg,0.0
1230,../../ava/subset/648.jpg,../../ava/subset/2276.jpg,1.0
1231,../../ava/subset/2276.jpg,../../ava/subset/2293.jpg,0.0
1232,../../ava/subset/648.jpg,../../ava/subset/100194.jpg,1.0
1233,../../ava/subset/1602.jpg,../../ava/subset/10009.jpg,1.0
1234,../../ava/subset/2344.jpg,../../ava/subset/648.jpg,0.0
1235,../../ava/subset/2372.jpg,../../ava/subset/10009.jpg,0.0
1236,../../ava/subset/2253.jpg,../../ava/subset/1602.jpg,1.0
1237,../../ava/subset/648.jpg,../../ava/subset/1602.jpg,1.0
1238,../../ava/subset/2190.jpg,../../ava/subset/1604.jpg,0.0
1239,../../ava/subset/1666.jpg,../../ava/subset/2133.jpg,0.0
1240,../../ava/subset/841.jpg,../../ava/subset/1819.jpg,0.0
1241,../../ava/subset/1602.jpg,../../ava/subset/2190.jpg,1.0
1242,../../ava/subset/1666.jpg,../../ava/subset/841.jpg,1.0
1243,../../ava/subset/2155.jpg,../../ava/subset/1666.jpg,0.0
1244,../../ava/subset/2848.jpg,../../ava/subset/902.jpg,1.0
1245,../../ava/subset/1602.jpg,../../ava/subset/2848.jpg,0.0
1246,../../ava/subset/2848.jpg,../../ava/subset/1900.jpg,0.0
1247,../../ava/subset/835.jpg,../../ava/subset/2133.jpg,0.0
1248,../../ava/subset/2848.jpg,../../ava/subset/1666.jpg,1.0
1249,../../ava/subset/841.jpg,../../ava/subset/2155.jpg,0.0
1250,../../ava/subset/1602.jpg,../../ava/subset/1923.jpg,0.0
1251,../../ava/subset/2357.jpg,../../ava/subset/902.jpg,1.0
1252,../../ava/subset/841.jpg,../../ava/subset/835.jpg,0.0
1253,../../ava/subset/2190.jpg,../../ava/subset/1602.jpg,0.0
1254,../../ava/subset/1602.jpg,../../ava/subset/2357.jpg,0.0
1255,../../ava/subset/2357.jpg,../../ava/subset/841.jpg,1.0
1256,../../ava/subset/1602.jpg,../../ava/subset/1819.jpg,0.0
1257,../../ava/subset/1900.jpg,../../ava/subset/1604.jpg,1.0
1258,../../ava/subset/835.jpg,../../ava/subset/1923.jpg,1.0
1259,../../ava/subset/1923.jpg,../../ava/subset/1900.jpg,0.0
1260,../../ava/subset/1602.jpg,../../ava/subset/2848.jpg,0.0
1261,../../ava/subset/2155.jpg,../../ava/subset/1900.jpg,0.0
1262,../../ava/subset/2190.jpg,../../ava/subset/2848.jpg,0.0
1263,../../ava/subset/1602.jpg,../../ava/subset/2357.jpg,0.0
1264,../../ava/subset/1666.jpg,../../ava/subset/1923.jpg,0.0
1265,../../ava/subset/902.jpg,../../ava/subset/1819.jpg,0.0
1266,../../ava/subset/1498.jpg,../../ava/subset/3098.jpg,0.0
1267,../../ava/subset/1685.jpg,../../ava/subset/2875.jpg,0.0
1268,../../ava/subset/1493.jpg,../../ava/subset/1130.jpg,0.0
1269,../../ava/subset/10019.jpg,../../ava/subset/2941.jpg,1.0
1270,../../ava/subset/1685.jpg,../../ava/subset/10019.jpg,0.0
1271,../../ava/subset/1130.jpg,../../ava/subset/2174.jpg,0.0
1272,../../ava/subset/3098.jpg,../../ava/subset/1768.jpg,1.0
1273,../../ava/subset/3098.jpg,../../ava/subset/3261.jpg,1.0
1274,../../ava/subset/3098.jpg,../../ava/subset/2527.jpg,1.0
1275,../../ava/subset/2174.jpg,../../ava/subset/1498.jpg,1.0
1276,../../ava/subset/3411.jpg,../../ava/subset/2875.jpg,0.0
1277,../../ava/subset/2527.jpg,../../ava/subset/2174.jpg,1.0
1278,../../ava/subset/1130.jpg,../../ava/subset/1606.jpg,0.0
1279,../../ava/subset/3411.jpg,../../ava/subset/2941.jpg,0.0
1280,../../ava/subset/1783.jpg,../../ava/subset/2875.jpg,0.0
1281,../../ava/subset/1606.jpg,../../ava/subset/3411.jpg,1.0
1282,../../ava/subset/1768.jpg,../../ava/subset/3410.jpg,1.0
1283,../../ava/subset/1768.jpg,../../ava/subset/1685.jpg,1.0
1284,../../ava/subset/10019.jpg,../../ava/subset/3411.jpg,1.0
1285,../../ava/subset/1130.jpg,../../ava/subset/2941.jpg,0.0
1286,../../ava/subset/1783.jpg,../../ava/subset/1130.jpg,1.0
1287,../../ava/subset/1493.jpg,../../ava/subset/1768.jpg,0.0
1288,../../ava/subset/1498.jpg,../../ava/subset/2941.jpg,0.0
1289,../../ava/subset/3098.jpg,../../ava/subset/2527.jpg,1.0
1290,../../ava/subset/1736.jpg,../../ava/subset/2174.jpg,0.0
1291,../../ava/subset/1493.jpg,../../ava/subset/3261.jpg,0.0
1292,../../ava/subset/1768.jpg,../../ava/subset/2174.jpg,0.0
1293,../../ava/subset/1736.jpg,../../ava/subset/1783.jpg,0.0
1294,../../ava/subset/2527.jpg,../../ava/subset/3410.jpg,1.0
1295,../../ava/subset/10019.jpg,../../ava/subset/3411.jpg,1.0
1296,../../ava/subset/3261.jpg,../../ava/subset/1498.jpg,1.0
1297,../../ava/subset/2941.jpg,../../ava/subset/1498.jpg,1.0
1298,../../ava/subset/1493.jpg,../../ava/subset/2527.jpg,0.0
1299,../../ava/subset/1783.jpg,../../ava/subset/1606.jpg,0.0
1300,../../ava/subset/1399.jpg,../../ava/subset/2453.jpg,0.0
1301,../../ava/subset/10014.jpg,../../ava/subset/2453.jpg,0.0
1302,../../ava/subset/1399.jpg,../../ava/subset/10014.jpg,0.0
1303,../../ava/subset/2453.jpg,../../ava/subset/1399.jpg,1.0
1304,../../ava/subset/1399.jpg,../../ava/subset/10014.jpg,0.0
1305,../../ava/subset/1399.jpg,../../ava/subset/2453.jpg,0.0
1306,../../ava/subset/1422.jpg,../../ava/subset/1499.jpg,0.0
1307,../../ava/subset/1606.jpg,../../ava/subset/1770.jpg,1.0
1308,../../ava/subset/1606.jpg,../../ava/subset/1770.jpg,1.0
1309,../../ava/subset/304.jpg,../../ava/subset/1467.jpg,0.0
1310,../../ava/subset/1475.jpg,../../ava/subset/2823.jpg,1.0
1311,../../ava/subset/1422.jpg,../../ava/subset/1498.jpg,1.0
1312,../../ava/subset/2834.jpg,../../ava/subset/1499.jpg,1.0
1313,../../ava/subset/1399.jpg,../../ava/subset/1493.jpg,1.0
1314,../../ava/subset/1606.jpg,../../ava/subset/1399.jpg,1.0
1315,../../ava/subset/2723.jpg,../../ava/subset/1475.jpg,0.0
1316,../../ava/subset/1770.jpg,../../ava/subset/1486.jpg,0.0
1317,../../ava/subset/1475.jpg,../../ava/subset/1498.jpg,1.0
1318,../../ava/subset/1399.jpg,../../ava/subset/1467.jpg,1.0
1319,../../ava/subset/2834.jpg,../../ava/subset/1428.jpg,1.0
1320,../../ava/subset/1498.jpg,../../ava/subset/1486.jpg,0.0
1321,../../ava/subset/1394.jpg,../../ava/subset/1486.jpg,0.0
1322,../../ava/subset/1498.jpg,../../ava/subset/1499.jpg,0.0
1323,../../ava/subset/1493.jpg,../../ava/subset/2723.jpg,0.0
1324,../../ava/subset/1486.jpg,../../ava/subset/2834.jpg,0.0
1325,../../ava/subset/1606.jpg,../../ava/subset/304.jpg,1.0
1326,../../ava/subset/1486.jpg,../../ava/subset/1394.jpg,1.0
1327,../../ava/subset/1399.jpg,../../ava/subset/1475.jpg,1.0
1328,../../ava/subset/1493.jpg,../../ava/subset/1428.jpg,0.0
1329,../../ava/subset/1394.jpg,../../ava/subset/1498.jpg,1.0
1330,../../ava/subset/1493.jpg,../../ava/subset/1422.jpg,0.0
1331,../../ava/subset/2823.jpg,../../ava/subset/1494.jpg,1.0
1332,../../ava/subset/1428.jpg,../../ava/subset/1499.jpg,0.0
1333,../../ava/subset/1498.jpg,../../ava/subset/1428.jpg,0.0
1334,../../ava/subset/2723.jpg,../../ava/subset/1494.jpg,1.0
1335,../../ava/subset/1493.jpg,../../ava/subset/1486.jpg,0.0
1336,../../ava/subset/1494.jpg,../../ava/subset/304.jpg,1.0
1337,../../ava/subset/1770.jpg,../../ava/subset/1422.jpg,0.0
1338,../../ava/subset/2723.jpg,../../ava/subset/2823.jpg,0.0
1339,../../ava/subset/1467.jpg,../../ava/subset/1475.jpg,0.0
1340,../../ava/subset/3100.jpg,../../ava/subset/1467.jpg,0.0
1341,../../ava/subset/3100.jpg,../../ava/subset/1467.jpg,0.0
1342,../../ava/subset/3100.jpg,../../ava/subset/1467.jpg,0.0
1343,../../ava/subset/3100.jpg,../../ava/subset/1467.jpg,0.0
1344,../../ava/subset/3183.jpg,../../ava/subset/1164.jpg,1.0
1345,../../ava/subset/1164.jpg,../../ava/subset/3183.jpg,0.0
1346,../../ava/subset/1164.jpg,../../ava/subset/3183.jpg,0.0
1347,../../ava/subset/3183.jpg,../../ava/subset/1164.jpg,1.0
